,x0,x1,x2,x3,x4,x5,x6,x7,x8,x9,x10,x11,x12,x13,x14,x15,x16,x17,x18,x19,y0,y1
0,0.03815614733873021,0.3456989161739209,0.0568593089197588,-0.13818186413011005,0.12247390108421495,0.1633404175346824,0.1654935892195182,-0.16550477596640334,-0.022330271176346297,0.17118741885086658,-0.2548165357265711,-0.07553716475110629,-0.2158254096500067,-0.14105195619295444,-0.15313491400195525,0.18914963783009334,-0.03547405607102004,0.8694168120166004,-0.15663615411844073,0.02142726637933303,1.3972997779417984,-7.39839004511211
1,0.09517038724720728,-0.04066885502748894,-0.1500418388410203,-0.003341807089096739,-0.11378147904672825,-0.12824313432979942,-0.014049906406946871,-0.14312123733875,0.03357525778153268,0.0827633963081961,0.8857044586841021,-0.18625329970396712,0.2125302535757216,-0.12799492916665262,-0.08983515223964543,0.02899710765460234,0.08158956590022709,-0.034891312515730244,0.06272594311621058,-0.05458451508305956,3.2730085979324306,5.629608241754505
2,0.4358231232942175,-0.08982206614345108,-0.11542184415113335,0.2296716968441977,1.0356141884599157,0.016986623248658333,0.0593469153334724,-0.09899158143663196,-0.15651357344897732,-0.117544151591004,0.18845031848884106,-0.2172929926387258,0.07542189422152143,-0.08435065227158837,-0.0534470105405592,0.11237189998831958,0.12765396472868726,0.05187546207620282,-0.2833107728405493,0.2376096064028184,-3.767854131273321,-5.329959148326411
3,-0.18240564256712968,-0.04794827685488299,-0.3400148847605018,-0.15214556871961232,0.44598735591463895,-0.01872352656172081,0.15180242648239814,-0.01358733405149738,0.07223712140128373,0.1376108234010467,-0.2291825789891353,-0.0064185630038456854,0.32757827280780283,-0.16504809728256867,-0.11752326265174345,-0.06383887462612653,0.05581631766058681,0.10890840316650932,0.26295881516053965,1.103634413608493,-8.075011055366577,-3.602239937338508
4,0.14530827917122094,-0.05703700016262054,-0.09052959520261986,-0.4140509574158073,-0.0747525325822218,-0.1950520345941324,0.2197524864530051,0.2922869562135222,0.3756560578402313,0.21837648213560976,-0.15334190764317615,-0.28583086488989445,0.1963765500273793,0.0912624421908566,-0.4530013803317065,0.09105470267500836,0.2086347649118332,0.015093465016787566,0.9525995217290358,-0.20687471034229635,-5.8157649306357,4.4538904904997265
5,-0.326157439255913,0.013395245372093242,0.2346730987462685,0.15117601338545042,-0.0364983056607326,-0.07734754380442459,0.061810407048204785,0.02225929236687868,0.3997406614125189,0.04167777393190932,-0.4215699913924019,-0.3621763945510409,0.43224648502068624,-0.3333181107344472,0.21757978952852114,-0.0763802194635819,-0.048314057439251504,-0.03817485922003138,0.3476122534587136,0.945116253428446,-9.089850337281996,-3.584175981423771
6,-0.2635326994225954,0.8028835427417235,0.09152487271747944,0.13545352359818888,-0.019951282041000645,0.061220531762870026,0.03385650911242821,0.049855726619546056,0.19450605864993253,-0.2279346533196179,0.10231520000146548,-0.05777914492662872,-0.03391933428266766,-0.045715501495462614,-0.0567412865742714,-0.1854631061367316,0.027730193258464143,0.2527314039264199,-0.008490162014061591,-0.00020948876656470882,-0.7927456934254897,0.35938715711099184
7,0.09154037087218976,-0.1456613509120474,0.0947336315211707,-0.14504090590100374,-0.3257834761812365,0.07428209406667062,-0.2151196262853512,0.05524538591291733,-0.0838003062857457,0.2033167387793472,0.1309064157136861,-0.05554570746466645,-0.08426912885414836,-0.14874040540941288,-0.05401880548492611,-0.034347225231460624,-0.044679742415739285,0.01919827755876816,1.070876471212588,0.04283725696057697,-7.662059873080156,4.365673211413572
8,0.007116507990418124,-0.048970476596314566,0.7282962831149058,-0.12063741532857646,0.02957557609944588,-0.22400757150327846,0.03306354330231127,-0.05456389917102214,-0.1390605338449112,-0.06398238167734528,0.0992058831862134,0.12053944437298532,-0.2636783643250825,-0.020348613424988744,0.12440317435381615,-0.03510611420613539,0.014812553200449025,-0.20356382849780186,-0.06534490995508166,0.2489433065037637,-1.9819632018728583,5.345212670881693
9,-0.08053950506844057,0.09756510046878156,0.15304193717252812,-0.09951559568120652,0.07084362274138792,0.2625530179800768,-0.10099205656800536,0.2543919417489587,-0.12895425750308115,0.003472680489244598,-0.0016857822637472352,0.0017392173465780956,-0.1266994406244854,-0.08941689384981111,-0.10099320089931883,0.04945334110527768,0.04991806195570502,0.3366757722932816,0.20736312939965185,0.9228858220540319,-6.612604932035184,-2.6103579603255427
10,0.14455849473621876,-0.1446142071044878,0.019589245021591803,0.025005470794427952,-0.11439519593892936,-0.1536461846258812,-0.27827626270443456,0.2793731573136207,0.8184238565239769,0.25137896382087743,-0.087294688758775,-0.1610527990534962,0.11624258419455973,-0.1178620506278554,0.10614795508428666,-0.062145719050210525,0.08970934598370679,-0.180788738470886,0.15523762900797491,0.09111881382684626,3.1702074512646075,0.7032664333179843
11,-0.015054207856564797,-0.058865098937432074,0.14661246287288066,-0.030604669470644462,-0.07844131147652603,0.0782190319919232,-0.0666782014123406,0.08967989226501699,-0.0812557502293736,-0.03035047132199908,0.020715194915626445,-0.05092820130891573,-0.001831090469256172,0.11100667972757436,0.05589344976150255,0.06547234989716197,-0.08649840319428106,1.1160920356798991,0.09114463169077566,0.1367272497318572,2.487142856043865,-8.006408379783057
12,-0.17284435988878555,0.020203972287107137,-0.03529988201786335,0.087203030936401,-0.1149108823015975,0.03353544773260761,-0.17088621799139486,0.09746525431730224,-0.014084324178275731,0.060748210399505335,-0.16178167466096896,0.06114436963219452,0.03751393213305848,1.0445577620264306,0.038301760896744634,-0.02370186306489112,0.15207543505352195,-0.019099547974622804,-0.09055792180307964,-0.007194728925508489,4.925490081427809,-3.193363687477018
13,0.7380702861931909,-0.15211445772739773,-0.1954679065710399,0.3889510353167669,1.0603129408794656,0.02876699562847522,0.10050452223318328,-0.16764311239247398,-0.26505711095696344,-0.1990620528561093,0.3191422691135177,-0.3679875910493418,0.1277276401319606,-0.1428485702917719,-0.09051298166024692,0.1903027993502338,0.2161831101774581,0.087851550536339,-0.4797892815128949,0.4023939548558289,-3.9362949617371696,-5.474002521423218
14,-0.2345756245957029,0.24469127888029826,-0.04857938091035194,0.07427797647525466,0.02053023152108,-0.0347761355531633,0.2294796305541957,-0.22434141737185692,0.04066260133488782,0.12396226516128794,0.9959358150158316,-0.016086078869838975,-0.019423462427482503,-0.1671128476303112,0.00519011624522275,0.06979402366442458,0.009338116773775936,-0.03706377054928184,-0.0666641537216816,-0.038019450189630696,2.605691764292032,5.936418136214223
15,-0.2014956122345547,0.29592799650380497,0.5162944935947591,0.3518747340331108,0.029421621358710005,0.380395736920589,0.07380031159378958,-0.0990259413194238,0.09676305234238143,-0.019584277571970347,0.7960255519367602,-0.18638118115952,0.16640731850208024,-0.3831129848052886,0.12534450102124794,-0.3381011779042581,-0.4400954043442172,-0.3815184453669103,0.4080583619332385,-0.040714041660909216,0.8649683051503464,6.301401738531624
16,-0.025360433446515413,-0.26911919163687625,-0.07836806645767529,-0.11231281663897903,-0.09481551131096252,-0.2457079837820137,0.13789016193805242,-0.036486608888242164,-0.051319440050497864,-0.4390434690436896,1.1264442132743806,0.12474629252609735,-0.2149383733324676,0.2536141373807901,-0.34957530146416965,-0.005601856643483818,-0.06946826588887699,-0.3373870651433829,0.048591278912748864,0.4361039641415992,4.952303342588518,6.432867702355928
17,-0.29271344119085096,0.034215604476125136,-0.0597806601599745,0.14767909860692136,-0.1946025881921752,0.05679257520467342,-0.2893973106934832,0.16505826401345022,-0.02385192666814972,0.10287762773206208,-0.2739786866178411,0.10354852687123324,0.06353017347128398,1.0754589612464742,0.0648643684003872,-0.04013931322273216,0.2575410846136632,-0.03234525220515641,-0.15336063574841174,-0.012184336611133956,4.576732942348348,-3.3597107984525016
18,0.13248274727411674,-0.0773518395519058,-0.02956704477808673,-0.107589835115377,0.08568328213602258,-0.1300136489336933,-0.02725635170663059,-0.10522895408145932,0.006242567237218542,-0.2198166184122013,0.16250894872327465,-0.11817693849775154,0.007337884245171616,-0.026036860382556672,-0.0933690234105784,-0.10876471063634152,0.11472110315027333,-0.06439786682329476,0.033221904217232284,0.9018061193099244,-7.601594461643565,-2.21085220279938
19,-0.13909786597183588,0.3997460369097717,0.08169401833367754,0.3464348855844953,0.2420417240769865,-0.028561404056321286,-0.062356416284588385,-0.06102350819390905,0.7232067905970948,-0.10524559076140624,0.037323548713512116,0.2308022410859085,-0.11688233474601226,0.13341173117524607,-0.1894556950985064,-0.08868134952181092,-0.06921848777541659,0.05623670871976162,0.06916843170406885,0.14555492045590454,1.1257856584375732,0.5026690145196031
20,0.08756828740718038,-0.09676485348510873,0.023856137624658044,-0.053665184266890216,0.1162175131034896,0.11675704012469035,-0.12194128341896875,-0.23248316650978665,-0.2660229287941023,0.10257816120891808,-0.19979540720733568,-0.08517373206580073,-0.1002143906905703,-0.008834270579293927,-0.32540421395004315,0.03172545141193171,0.08804323956254029,0.014859897646875137,0.9477535891124722,0.01636872132198928,-7.10769481533746,3.954049537836828
21,-0.15839192822347464,0.03271723406654516,-0.004812660456319357,-0.1431067738904745,0.06410825407870874,-0.021016675532767905,0.09455446513221663,0.10089005973155826,0.2650247762393133,0.1637422033665581,-0.045229617243023656,-0.029327088889451014,0.13472272335170066,0.08027840128592499,0.07842450774921528,-0.19809832301223465,-0.002980269294129175,-0.0904184662033624,1.0342944348026308,-0.0120247100468055,-6.454202567257195,4.842373555816452
22,-0.0917103898993304,0.6832832870253417,-0.3269878560140982,-0.15339910818613073,0.036889985756026325,0.06605674173664791,-0.15780186295813264,0.1709168867444952,0.2391414839681565,0.06656488563521368,-0.09938900342036228,0.18896584046435588,0.12694908133956986,0.14577336705889507,-0.11032292207761718,-0.4763650263264622,0.3557402790457074,-0.2707184256433234,-0.0060110533989148965,0.4000994935182912,-2.840532186768442,-0.40645627808081575
23,0.06383728151983449,-0.07054157819064426,0.017391124328375716,-0.03912191933056297,0.08472256705244392,0.08511588225089926,-0.08889519561242823,-0.16948022838563442,-0.1939307150909005,0.07477947952130128,-0.14565085185414772,-0.06209165067596874,-0.07305629081342574,-0.0064401832523052725,-0.2372196719695815,0.023127854079298217,0.06418352164109188,0.010832865384571974,0.9619123664629924,0.011932797843730185,-7.077361265331879,4.06255051338441
24,-0.23717942948033585,0.8225951884675511,0.08237238544573149,0.12190817123837,-0.017956153836900586,0.05509847858658303,0.030470858201185388,0.04487015395759145,0.17505545278493928,-0.20514118798765607,0.09208368000131892,-0.05200123043396584,-0.030527400854400893,-0.04114395134591635,-0.051067157916844255,-0.16691679552305844,0.024957173932617732,0.2274582635337779,-0.007641145812655429,-0.00018853988990823788,-0.8896875125959097,0.3861524891086035
25,0.12431023671670087,0.3010153152521813,-0.2446799011200443,-0.14476053626649013,-0.09251006786792157,-0.07681816154028624,0.030947623004696063,0.21974082403139852,0.1372959957175679,0.07181955469212936,0.9014547098756568,-0.15241015931662072,-0.1084615836941738,0.2107316524658518,-0.008404849153365111,-0.060825890738120385,-0.025013874498931558,0.1122517193205727,-0.17871256014968825,0.1926007097552768,4.2106568602520404,5.485378478230111
26,0.1728475953610731,-0.09662938619975413,0.002384324841010998,0.04405377861980225,-0.04543752284515351,-0.002740088036893751,0.10550057194770178,0.05892031735765334,-0.11008722733435723,-0.15029963296637922,0.8925829258389947,0.0001699468983534999,-0.021771913033120698,-0.11325078295771805,-0.0814236395804975,-0.20691638764958467,0.05688062123000065,-0.005447576367774243,-0.1714894140194202,0.003895985713617628,3.438214865032045,6.40508338617039
27,0.11245692726384872,-0.007862151024133276,-0.09892417172551687,-0.0295614777026606,0.018517342532449712,-0.11411567960995578,0.07642775306022842,-0.17146339024544552,-0.045297014488638015,-0.027770711215257416,-0.09406554483785698,-0.30022592537458914,0.06096656444246031,0.8971229106792672,0.18046290296177514,-0.04655257152095266,-0.07369294435275095,0.012458487621094586,0.1434002065055554,-0.07669425360396236,5.204378044980702,-2.4610761724144643
28,0.1705838153021651,-0.6492121612682525,-0.35224592776197083,0.12832640004298335,-0.12301314436923187,0.2397787914513748,0.2072670748387611,-0.3068848903366278,1.1041629724666984,0.3078082849432177,0.037764509689174,-0.250372242938021,0.2252508885990429,0.16276049158862632,0.13898676266480106,0.1833838030696789,-0.7670535852488094,0.2256473027221755,0.4631430013299295,0.11184253960510708,4.386701692984854,0.895024452446931
29,-0.23174138420666224,-0.0073232629585853045,0.05004428387721915,0.23398920627591324,0.18281446948472152,0.2143215376250196,-0.1916905277510216,0.29298905055807106,0.7135923173360513,-0.11118996549165976,0.08937511882583596,-0.031099063366521795,-0.20872954667947247,-0.1704527237970351,-0.32122721986631897,0.11037252201124988,0.26153908926141434,-0.020829346648241195,-0.08306318601900409,-0.3054731991230107,1.643381311200872,1.525549997211575
30,0.04422309871363727,0.13573336732531188,0.004165694274679991,-0.009480007512196844,0.007020674370156878,0.1180586244540876,-0.115478211555359,-0.04433197925375654,0.06403803369461497,0.042395945695498816,0.03261336709882375,-0.050339436766937175,0.13238709966886492,0.2904742750618608,0.055323587130629695,-0.026296310662592,0.1028756638744068,-0.07338979903195653,-0.10205211108217824,1.0044661132154082,-7.963084186715147,-1.969714646476331
31,-0.05755800459001885,-0.16796061083491,0.13341667587882314,-0.1175076027680235,0.007393727278223851,-0.053351557415354384,0.8484010317632213,0.05394601475307567,-0.2339371839575051,0.09952395503493902,-0.1624989579672691,-0.2910285362004733,-0.008420879147454152,0.07253883150780481,0.09695755153146073,0.13752958209285146,-0.395544332936682,-0.16892095474740876,0.01792360068722363,0.25527822311768833,9.821779331832024,2.0149204315890823
32,-0.05710425851125087,0.1292653623998784,0.05179239718848086,-0.03379336931346035,0.3727305657719016,0.029317197557389405,0.1712166369961084,-0.08484880317009312,-0.20614585434535945,-0.11975377486836705,-0.040536683474582336,-0.07511236923310853,0.2021294259700752,-0.018156310969869992,0.06979751851228165,-0.007030310184009578,-0.0655754224051284,1.0057469259186451,0.25925158779009044,-0.11615280827918398,2.617525052486872,-8.9642233043096
33,-0.046521875994215096,0.18887947982696732,-0.02915171810668877,-0.08571372844686649,0.2340216378236676,0.17437291210339045,0.003158080878885121,-0.09978810039348048,-0.3381093640849984,0.09910346513770392,-0.150640668820172,-0.32984967601302617,0.26633923278895233,0.1088951344025086,-0.19141761673326385,-0.2040879248177364,0.146370701823325,-0.14754858129617726,0.21782628085612452,1.1035999329495665,-7.45116496970102,-3.9268347165832562
34,-0.008436775452071912,-0.019416000037517585,0.09671291009479943,0.21310981337795304,0.11448472227939999,0.2333271061786447,-0.010175531214528894,0.37310349506193785,0.13165797095454046,-0.12533780718598886,-0.25217567274497965,0.047442345690212405,-0.30119246080366685,-0.2243924021241976,0.055116754543012944,-0.1401363181738913,-0.21515743152332747,0.9920524661970688,0.016754439091171306,-0.04745092636061248,3.2564551796787122,-7.599778830879756
35,-0.2679685969571132,0.07249331262460952,-0.5191421416122318,-0.16470333021593347,-0.2632291832799079,0.09378373116571642,-0.12118932013929362,0.5715293044011287,0.26692856402037435,-0.2428359297857771,-0.11023133676775383,-0.09892428661917148,0.9410675576290316,0.5701896463108316,0.05792841427921847,-0.5932397858211752,-0.0019744303809798545,0.543564383156217,-0.1162484538081718,0.3143616994315142,3.2802062045837985,-3.7903065753419827
36,0.06930880339016815,-0.1848289050149244,0.12018483912073842,0.1286372154441549,0.05128468929337378,-0.1127136417381939,0.13236487609258674,0.07895263066416748,-0.5820085541366945,0.12033809870719064,-0.35735189352627583,0.12390641096980133,-0.028769836277133483,0.22288231367009856,-0.01832957754946276,-0.16555688990088793,-0.027515251584483053,1.1978969231506773,0.004901013461374389,-0.021349728204905608,1.774551327912699,-8.519890340242299
37,-0.12114144663554036,-0.2761314548100345,1.0323961128715229,-0.11552108655042374,-0.03226357175836761,0.13513022153602078,0.016233243207410066,0.07824297208941514,0.03113121905460701,-0.3044205444947361,0.2896508482278173,0.2439623507474556,-0.2357281178269907,0.10483827379652498,-0.1373548341830511,-0.15496798871264153,-0.0010045335493264569,0.36260102661841703,0.2195019004280937,0.12556953432747858,-2.6156077163799174,5.745394153734212
38,-0.198618725848424,-0.15211413106437174,0.7285624303974835,-0.3352064355617354,-0.042991070136163184,0.3595166157996892,0.0309033482245364,0.1843461398396792,-0.12631687416139353,0.11702194671539838,-0.4131600675652716,0.5243469605796408,-0.03736675201452044,-0.21509123394326907,0.2107288333423676,-0.14569238912563476,-0.42192957570073375,-0.4258694683141289,1.2193903341976593,-0.05046155186062005,-6.135513352958577,6.066755604442735
39,0.11070904839017263,-0.21688009009931986,-0.1937610988555852,0.3087245725670881,1.380037674824146,-0.11762007159821315,0.12092942056660627,-0.5354796765657964,0.05644487062856561,0.33867369026640715,0.14992470164886473,0.028762420538644813,-0.11060972935145373,-0.18408023475119714,-0.05096774603462263,-0.4415478887259799,0.4583446604721117,0.16057716333748434,-0.029154091037991388,-0.17639953137919678,-2.8338354400772494,-5.451965643597287
40,0.019960024110352685,0.3271809245283012,0.2153564961212286,-0.3207837674006345,0.2003320682097046,0.04245931458205222,-0.07876706599322914,0.005599785442464599,0.2950351181332224,-0.20424188980719188,1.0924161922110731,-0.0022262831379946963,-0.4143004332369872,-0.18494345691346412,0.044541528431081806,0.299076325542634,0.2308368809103556,0.13767542338041094,-0.1879455319356214,0.4152339359186774,4.66872858933295,7.54521037577898
41,0.1129681493155889,0.04579680749354705,-0.2047676432041801,0.06167639399526515,0.07405662451012231,0.1057545859346186,-0.05081878433650264,0.024126838769482455,-0.29395422072881605,-0.09172894739522612,0.14240677731662502,0.2286022691315625,-0.10817361544503183,0.026821921714630215,0.058414602764723274,0.05160797828926285,0.13851617446837125,-0.4656905682761198,-0.012634088816035996,1.0612271399974316,-7.676844880423944,-1.4751855808941527
42,0.19205288373452567,-0.10736598466639348,0.002649249823345553,0.04894864291089139,-0.050486136494615017,-0.003044542263215279,0.11722285771966864,0.06546701928628149,-0.12231914148261915,-0.1669995921848658,0.8806476953766608,0.00018882988705944435,-0.024191014481245214,-0.1258342032863534,-0.09047071064499722,-0.2299070973884274,0.06320069025555629,-0.006052862630860271,-0.1905437933549113,0.0043288730151306975,3.439766700829762,6.4444647953935466
43,0.18942553017098995,-0.22264571868153946,0.8909388029448272,-0.0067694493243438255,-0.0683382814629074,-0.01331976803500205,-0.19866004195164955,-0.12035830620554575,-0.2758736483860993,-0.14957449031681064,0.11666084073155328,-0.035998837951769204,0.2530514688947081,-0.1000832791128254,0.02001065721929751,-0.20389481913937926,0.43705955264311097,-0.030018334819123717,0.13942460445901678,0.0694719985034341,-2.198892984131138,6.714434556669656
44,0.32859114601690753,0.15150321242591916,-0.2460832365411856,0.5492164647187351,-0.4574480945354019,-0.5004891448142214,0.3037548652214437,0.07141703002470218,0.8262333022727734,-0.34739856698631416,0.7339013485478453,0.03702738492267858,0.1689292428601375,0.10052409414967546,0.13749834911966774,0.17079286468982866,0.23161280838187925,-0.1186557415520222,-0.09222529382075696,-0.5505597532716968,3.505443360864458,2.873255896788126
45,0.15462927509747246,1.1249538163210495,-0.06248247204439701,-0.3085222309519754,0.10011837467692973,0.107932325007746,-0.13377370360585686,-0.06168285788908196,-0.2647271815553712,-0.0508273466631763,-0.4412599273464285,0.11877101864251015,-0.2687719843350532,0.06776534386853007,-0.4001440609025248,-0.1679333500570311,-0.03144583595927507,-0.4726434523788002,0.03277165921621344,-0.1079072881202219,-2.958387190277919,1.3325797885885458
46,-0.2153902950259149,-0.07461500737033172,-0.08210821091984538,0.0629278857698728,-0.17487347171956974,0.11815680673463674,0.2260419234312501,-0.3130868085940555,0.06447195706345549,0.10238285487012506,-0.09641283468151182,-0.06008766391523065,-0.02009828837315513,-0.04504109688411627,-0.046738446473787734,-0.2534968497716119,0.1742910251526011,0.16329313274979182,0.8769780374923015,-0.22179779432625152,-7.075960078551086,4.869416975197458
47,-0.13162949436260368,1.1269712495002449,-0.13002461201225995,-0.05422565709949227,0.2479359779224707,-0.018912224422863527,-0.14997005600896735,-0.08670546766634782,0.19079827508003488,-0.10317555170929292,-0.07224013540438905,-0.09528662318988684,0.034344284981991983,-0.07198224604732292,-0.2991097778894689,-0.1656627060136723,-0.17417907606816807,0.2321642000556753,0.15175008228069914,0.1096585525394184,-1.18846972157696,1.0151343891013147
48,-0.11927282612715193,0.11301841622148096,0.1422020163709551,-0.34684349853107965,0.07007622636684901,-0.26126291369372123,-0.1855216122629451,-0.5051012293413655,-0.13472088119218056,-0.057937228799944736,0.15649200789673912,0.00025612362070486666,-0.43894290283346016,0.24537163860384265,-0.033750344740252895,0.13899270671990524,0.2749102387699384,1.4048804095222802,0.5581749865489449,-0.02055951114711393,1.722483432943038,-9.50045216869912
49,-0.01371739120010961,-0.08765878202308393,-0.05221291576778835,-0.12176882199588245,-0.1298927154186207,-0.2759847956803488,0.3126265510192708,-0.08155432602535803,0.060951423627723975,-0.18186023162147694,0.23174989194130066,-0.05675654233213994,-0.018887188223163768,0.6205293464477832,0.08215597112205067,0.3758458366585301,-0.1803136427128859,-0.09507202720718416,-0.2361760823194459,0.026798185240507488,5.675801763502635,-1.7650971284767105
50,-0.3256941337827167,0.8893381915835715,0.3479404582587437,0.4104705885494908,0.8526209088230462,-0.023377032071395947,-0.2082527334965072,-0.1626150582591814,-0.3219331079337157,-0.02461983554496137,0.12103062132497533,-0.010828359875941631,0.3466953137845025,-0.0740655396250263,-0.10987354364071332,-0.1838132318935507,-0.516284368953093,-0.4957716850913642,-0.3728824781865936,0.41154769173414857,-1.7707457339775259,-1.1129789695626302
51,0.09154037087218976,-0.1456613509120474,0.0947336315211707,-0.14504090590100374,-0.3257834761812365,0.07428209406667062,-0.2151196262853512,0.05524538591291733,-0.0838003062857457,0.2033167387793472,0.1309064157136861,-0.05554570746466645,-0.08426912885414836,-0.14874040540941288,-0.05401880548492611,-0.034347225231460624,-0.044679742415739285,0.01919827755876816,1.070876471212588,0.04283725696057697,-7.664346705948593,4.368671579620583
52,0.05052611767143258,-0.13474027175587985,0.08761474771901831,0.09377653005878893,0.03738653849486948,-0.08216824482714337,0.09649399467149576,0.05755646775417809,-0.42428423596565024,0.08772647395754199,-0.26050953038065505,0.09032777359698516,-0.020973210646030305,0.16248120666550184,-0.013362262033558349,-0.1206909727377473,-0.020058618405088147,1.1442668569768435,0.0035728388133419303,-0.01556395186137619,1.9768385196573963,-8.423042779609789
53,0.10422157499462402,-0.17890060245626105,0.03333350767027216,-0.1976519523933567,0.3337314113213461,-0.11651469516913153,0.04300392049765492,0.06384744287015731,1.0330408153642092,-0.40635393458671226,-0.300099157019922,-0.09385229498951657,0.06627477039370981,-0.02858602317928048,-0.1985861219729024,-0.2797670827325899,-0.0833139696316202,-0.09719802178851056,0.10640178883238602,-0.06770358773956384,3.3041727755777583,0.09015700567422462
54,0.004774220941403373,-0.06689677954927259,0.035514187299445776,-0.034013651237513626,0.8954809925434996,0.02752267166506069,0.1348549946258032,0.04856928991248285,-0.09304314704983148,0.056509640216146025,0.1797854583369028,0.2681178814345966,0.20293694034574586,0.09031018083456692,-0.1695897520408703,-0.22948987556927986,-0.03401145824568447,-0.236822521604606,-0.13188809649766872,-0.028590142130166536,-2.572470234764004,-3.9643340421182316
55,-0.1933666411943756,0.4292915738077113,1.1468360942765004,-0.3947371614454125,0.06713421874732912,-0.0821282747538347,0.06890015888619777,0.06733017782071818,-0.15436300950636872,0.30685178670885144,0.033575084291019165,0.15819954050371424,0.2271153794367027,-0.1240521086919084,-0.15322852937216874,0.18854371040500564,0.2340752450125848,-0.2314167840153691,0.3380022897919412,-0.039577839242058536,-3.2698791409329493,6.248505479773563
56,-0.17003511039017194,0.014279439242236574,-0.26997247134695024,-0.2307504345487502,0.3137080502221574,0.12729740081543894,-0.001690054461016679,0.2080549890795033,0.8251206393412547,-0.05303912480802626,0.10477536929140537,0.14968307654122262,0.0861989588796849,-0.4270714460679989,-0.16269239579246406,0.08017434625165873,-0.05981992656717418,0.426902181858374,0.15571405263573082,0.09378923187348204,2.020857942876928,0.09345848985631185
57,-0.154823208409858,0.20399039069629488,0.050508760536722735,0.06583814985143976,1.0346318175613158,-0.1338505792503164,0.015206118151282632,0.2250664789467858,0.0010480906400063717,-0.12459782362483242,-0.22693627030022995,-0.0873919121383799,-0.21589615289470365,0.10174927056226428,0.09570323569847572,-0.1072825090546081,0.07522076311016257,-0.07062325561982051,-0.0055883479052498035,0.04556943354110647,-1.3856382768241189,-4.189390158892672
58,-0.007681095654586879,-0.35289619367099145,0.047648372226463946,0.12242125113276495,0.05513024061502807,0.3222570829779598,0.012718654703030527,0.0689232853446394,0.3800296977785035,-0.3573248352840477,-0.10508143631133464,0.3287724361834459,0.2158058913404972,0.15638699228845404,0.1919510094623646,0.07539858673780389,0.3761322225600181,0.08708483704717758,0.05529657385883923,1.0366447497312503,-8.967446639002022,-1.4221525992350326
59,0.06858599634214509,0.010148457150381882,0.1482433909764215,0.1356035172775255,0.049007700621934734,0.3566372350890513,-0.01389808762731405,0.06410603550791205,0.8517801212404289,0.03460606950043762,0.3660267298440648,-0.14829020158812414,-0.2613272010549619,0.229783041751291,-0.03429506723725759,0.022131853348777663,-0.010399971769300593,0.018239934295194004,0.19607287370697604,-0.19344333442064,2.4688904516548638,1.9365799929229088
60,-0.2220785273529688,0.07716005456303013,0.2974188667235319,0.17048963806355286,-0.09696274092320244,-0.3595053132735048,-0.7904502701864562,0.3277892357015628,0.8323024905311768,-0.1276353783437733,0.03744660774378573,-0.4000294024103324,-0.0995497536682535,0.5758902128461448,0.1438356443043618,0.10224410238691532,-0.4503858241555382,0.6385402934595121,-0.4049345299095355,0.5471032166757418,2.387452241127072,-1.2158118101493134
61,-0.2780293012015201,-0.1677973876153685,-0.6201347822414179,-0.17920165309455754,-0.18592808567726896,0.02234548330363759,0.11890813056101204,-0.35297175729583474,0.2561599282349334,0.5129271307330825,0.9407210204383144,0.4480739093772582,0.056633402948915335,0.5660030266414204,0.3179844489259141,-0.4450950620448821,0.005301442629907223,0.3000661483227077,0.008693709373733918,-0.010497236905753788,5.408225304709833,4.67061652613676
62,0.12954408470657425,0.04086597492354123,0.06560332717023956,0.2669627495526794,-0.08586441478570142,0.130198052435234,-0.30387015933034545,0.06912735214026347,0.9187868214927828,0.00043210366369642636,0.17479315024100495,0.02766944594418041,0.14876143167724404,0.24767560957321685,0.06538973174700831,0.1968009458062072,-0.05488066235447999,-0.0013797232602951255,-0.08782953779442466,0.17527906004526855,2.6816728582451033,0.8532391074992898
63,0.3208882343290962,0.4554640027849206,0.3131675700492457,0.5143227969759164,0.4087705634753276,0.4790478435762481,0.5073325279508242,0.06579736253105772,-0.13573251488275187,-0.7153842509589591,-0.41828493942286055,-0.14175946812176074,-0.12071523384832693,0.9516821481786166,-0.31646825414927776,-0.5046291891257724,-0.041180181015411634,-0.059899208471688975,-0.2553710104971829,-0.2346891201232683,6.841482832712008,-3.534100412842744
64,-0.1989801318997883,-0.2108309337766424,0.017229264701915954,0.10794863004383304,0.08685145807124063,0.04628608106993677,1.117478800416062,-0.08027301588827658,-0.03709870684439232,0.1003956205975116,0.05895858336952605,-0.02861209608124168,0.17979403944872835,-0.17587455423669307,-0.0706054911673045,-0.03857771593778914,0.11115136915117846,0.000324686698072688,-0.17172142709633795,0.06996917063948704,8.588054437297473,1.9451405066868377
65,-0.0194219013610898,0.4876258871595494,-0.2119609382459812,-0.23520853154732424,-0.02802007967199536,-0.1888292306672721,0.3206462046858549,-0.30735389550686354,-0.326575303673683,-0.12460576920023198,-0.14174252035768672,0.5491544497527839,0.2702098987056333,0.02491752012771586,-0.3487650628656139,0.2403099159613104,-0.2846662783566818,-0.4396495616472281,1.3381192064773144,0.09020344871208312,-6.234653234584,3.45051953650136
66,0.03606787267861166,0.12128140952980487,0.4752110950151584,0.3626125427393477,-0.07754672424286356,0.2535009363869038,1.1500624561498058,0.29107954510173445,0.17203088463778998,-0.24952762128509826,-0.4148732777254074,0.14667525555343622,0.4873451689873129,-0.19868208770697326,-0.04817815011604784,-0.2653010735855027,0.30169453834764953,-0.5904557895418429,-0.5798241144142209,0.096059286279798,8.733628997123647,0.11516564116360435
67,0.07732300252488276,-0.09471555302591132,0.02888120822855248,0.19449137109634326,-0.007332485796571808,-0.17719359135871735,0.02463179424629068,-0.3698296928828275,1.1435520300855793,-0.07867421958959274,-0.0876340810157366,0.16351807049573813,-0.2549159542586678,0.3635804319402407,-0.08967527639900667,-0.0977062999404344,0.19069261570176904,0.13233419604168895,0.4577164918337916,-0.03943835256640168,3.532372695857877,1.5717595937071727
68,-0.29132718102264976,0.3838439087241949,0.0950411438649309,0.1238860943198582,1.0651658745962695,-0.25186347920148505,0.02861299401303744,0.4235022870775605,0.0019721674466335326,-0.2344527870917608,-0.42702062938356267,-0.1644433006455654,-0.4062467007526773,0.19145920349063072,0.18008252223384294,-0.2018709679053895,0.14154113647641522,-0.132890115026542,-0.0105154624977181,0.08574692871100738,-1.0685390407883393,-4.2958549030557975
69,0.19535308329412945,-0.045810894401783285,0.3631555597827008,0.1957465648759618,-0.2832972606579503,0.2048015308825848,-0.11906587138852705,-0.019209211989813527,0.030211987607199037,-0.2026580401254141,-0.3073754507880771,0.08478526327337751,-0.32002952595770595,0.40633843176982937,-0.1927474596124863,0.07632674964164618,-0.06221570890205388,0.29211174823365976,0.04236070091409006,-0.17665739580871484,5.258981110451429,-4.703539132280662
70,-0.07248555456159651,0.08780859042190342,0.1377377434552753,-0.08956403611308586,0.06375926046724913,0.2362977161820692,-0.09089285091120483,0.2289527475740628,-0.11605883175277305,0.0031254124403201377,-0.0015172040373725116,0.0015652956119202855,-0.11402949656203687,-0.08047520446483,-0.09089388080938696,0.04450800699474991,0.04492625576013451,0.30300819506395343,0.18662681645968665,0.9305972398486289,-6.769889777466336,-2.5211971354385043
71,-0.18419106456071624,0.13440389515208892,0.26479890018747376,-0.04989592282858442,-0.4046854900174239,0.568628268929193,-0.2437782068035548,-0.4387434655661241,0.7383861823401705,-0.1149896067148264,-0.4160164162704229,-0.1945103675927882,0.1046051112420118,0.054163618834604715,-0.2424063791689357,0.5187562309211696,-0.14844417873446347,-0.3371677145243548,0.2734181345001045,1.378257917371501,-10.026578172525086,-2.7785079201920557
72,-0.08208314342290082,-0.2682444106409336,0.202750192145514,-0.2578918986474142,0.8281328962551732,-0.029930139118732824,0.0004394235100505313,-0.2805889009447861,-0.16909009555178922,0.04949085502123872,0.210952489927344,0.06516920255751807,-0.0048194395810809325,-0.29174754161652244,-0.11527592494712614,0.09737827213293088,0.2018444512708052,0.16607257060995495,0.025782026150210087,0.22493424233778347,-3.939430052845238,-4.122163858310051
73,-0.011587138825345029,0.2351234389469454,0.13147818191342647,-0.2792872392829601,0.4717470578369077,0.3304962412632168,-0.0314105297118156,0.07056690144143453,0.24729662677483025,-0.03215493925798027,0.13637810307800832,0.2062572022295132,-0.1894977654258869,-0.1124730255986459,0.1720539760554106,0.08604758021062713,0.17249991604808573,-0.024754337027035715,-0.053965750435487785,0.6267953827070373,-5.828840387204584,-2.1540823571831758
74,0.006548999919620539,-0.09176512969721892,0.048716306309253464,-0.04665795780180195,0.8566268759170089,0.03775400777100232,0.1849862752068631,0.06662454034634135,-0.12763120308618858,0.07751665324574218,0.24661928441276104,0.3677885890735207,0.2783771472506802,0.12388227823671732,-0.2326334047199867,-0.31480092670683113,-0.046654949582557566,-0.3248594260694184,-0.1809164561010545,-0.03921830196181966,-2.7018545529737943,-3.908801082556261
75,-0.15048888677346214,0.06502144101852074,-0.0858440726233651,-0.19841279482358612,-0.004736203844201841,0.07198391225216924,0.011178644945001722,0.05083233829573588,-0.1066018876311941,-0.06096097456006001,-0.11301128212994126,-0.06042521000894415,-0.1366544369962051,-0.29011283987532577,0.029817598768495237,-0.06752185780804765,-0.27396526580270364,0.07777351993998449,0.8475227029746272,0.008729756224450564,-6.832890702411774,4.310830863715604
76,0.039800788842273546,0.12216003059278067,0.0037491248472119923,-0.008532006760977158,0.00631860693314119,0.10625276200867884,-0.1039303903998231,-0.039898781328380886,0.057634230325153475,0.03815635112594894,0.029352030388941373,-0.045305493090243454,0.11914838970197845,0.2614268475556747,0.04979122841756672,-0.02366667959633281,0.09258809748696613,-0.06605081912876087,-0.09184689997396042,1.0040195018938671,-7.936411901751966,-1.9955537655421918
77,-0.1877105212073964,-0.005931842996454096,0.04053586994054752,0.18953125708348967,0.14807972028262445,0.17360044547626588,-0.1552693274783275,0.2373211309520375,0.7680097770422015,-0.09006387204824443,0.07239384624892713,-0.02519024132688265,-0.16907093281037275,-0.13806670627559842,-0.2601940480917184,0.08940174282911241,0.2118466623017456,-0.016871770785075367,-0.0672811806753933,-0.24743329128963865,1.783978416531707,1.39657056538515
78,-0.23709788736458925,0.02771463962566137,-0.04842233472957935,0.11962006987160632,-0.1576280964356619,0.046001985915785484,-0.2344118216617213,0.13369719385089468,-0.01932006060120128,0.08333087846297027,-0.22192273616045127,0.08387430676569893,0.05145944051174002,1.061121758609644,0.05254013840431364,-0.03251284371041305,0.2086082785370672,-0.02619965428617669,-0.12422211495621352,-0.009869312655018505,4.798952453384767,-3.3321052579218335
79,-0.01988150794678105,0.0711836658210548,-0.2908416308817309,-0.32742032930199044,-0.2379614703127063,0.1827764387285674,1.0736550789136414,0.29605719940947656,-0.05313316791233393,-0.3254860473583017,0.3257456467947389,-0.005341197643284835,0.3652777070114607,0.1701785548535001,0.6228917959201822,-0.06254848827268833,0.2563505174738826,0.253686672053628,-0.15799172768352113,-0.04908932803452787,7.344338412150684,1.568760813890826
80,0.18503180961598706,-0.03486406801693883,-0.31454878446786216,0.15060911484910622,-0.15595497442969927,-0.1767842059878904,0.2144307386202758,-0.17008248398504308,0.2619522634004521,0.06271206100607365,1.0595887661733394,0.0573753476888192,-0.3059417517159947,-0.33170386246558675,0.040250078079767104,0.10606363564284546,0.015425902978841437,-0.1534045928557174,0.0035333118473860493,-0.015318182745628246,2.7258161758747264,6.703140682509448
81,-0.30058016644683844,-0.14672855238971586,-0.05605030147161751,-0.12002555165432567,0.06305489088357555,0.6153037779746141,0.18055019236221007,0.33909123819032244,-0.15928691010055582,-0.18563084952947875,-0.11959039892558113,0.2697072138894547,-0.6792947075104463,0.6732846111823225,0.03236143622782665,-0.07086422861773517,0.622250761509118,0.1415698631975343,-0.20940332086310906,-0.4988831589365703,6.134681687514491,-4.251703216036345
82,-0.1685241437421495,0.2481739497834873,0.05778150027502697,0.35582191907816474,0.5158904121648489,-0.07857636339518746,-0.10407230832569493,-0.2213203639922162,-0.036777100871030775,-0.09785371396935907,0.09208507125114784,-0.0370299936628876,-0.09262166353144224,0.2726876172592779,-0.2402328539335871,0.11093821598003152,-0.10397973687268294,0.18554300159506854,0.3548271130578904,0.9223630523132408,-6.728042142305869,-1.6936382490935276
83,0.010607575173229942,0.1738773577122449,0.11444927165516182,-0.17047764613116054,0.1064646746614336,0.02256462060080041,-0.04186004831850768,0.002975955575328829,0.15679375821583785,-0.10854251416102384,1.0491137536048452,-0.0011831381371390393,-0.22017623653989774,-0.09828653568554828,0.023671194410942543,0.158941421522703,0.12267618282788025,0.07316636467670896,-0.09988196143739857,0.22067233813855786,4.149410282897557,6.9132953750996124
84,-0.008436775452071912,-0.019416000037517585,0.09671291009479943,0.21310981337795304,0.11448472227939999,0.2333271061786447,-0.010175531214528894,0.37310349506193785,0.13165797095454046,-0.12533780718598886,-0.25217567274497965,0.047442345690212405,-0.30119246080366685,-0.2243924021241976,0.055116754543012944,-0.1401363181738913,-0.21515743152332747,0.9920524661970688,0.016754439091171306,-0.04745092636061248,3.2565486835995068,-7.599956508909731
85,0.020083400170898148,1.011800629426749,0.11546470577660575,-0.032783866118451216,-0.08306705105532063,0.15900313157000498,-0.2896423005021839,0.0024912039568469537,-0.16513854331902644,-0.09330272866426052,0.2464053226102468,-0.005463524643111738,0.023898596385570386,-0.21826481634915804,-0.08931753266664127,0.024080859586144025,0.04346247031802916,0.07557669384030104,0.0010570307787305458,0.06456492758883506,-1.6699423332212588,0.6388172060431085
86,0.13812248524077875,0.3344614613913125,-0.27186655680004923,-0.16084504029610014,-0.10278896429769063,-0.08535351282254026,0.03438624778299563,0.2441564711459984,0.1525511063528532,0.07979950521347708,0.8905052331951743,-0.1693446214629119,-0.1205128707713042,0.2341462805176131,-0.00933872128151679,-0.067584323042356,-0.027793193887701732,0.12472413257841412,-0.1985695112774314,0.21400078861697425,4.286289595503869,5.462965183666544
87,-0.2729704067242186,-0.4055631896114883,1.1328604466026944,0.1762928040528903,0.23287373306019585,-0.122064980906439,-0.0034514166887953147,-0.2311013901084678,-0.4143207670013534,0.3412510743907213,-0.032496414313068864,-0.0576528297054247,-0.6322239242865468,-0.056405895828527126,-0.2664201526967083,-0.05521768545160542,-0.06933108835395532,-0.14118456356839654,0.29688684669806936,0.14137093587801922,-2.809149444565777,4.794017485235945
88,-0.3586679129634812,0.04474334339128931,-0.4233565467978289,0.2730312818624242,0.016366657453440882,-0.4117062032150157,-0.24742375899409585,-0.18552835380874505,-0.1980490015692164,-0.38163813123075,-0.22403998603122052,-0.1753056878769549,-0.18219192745199286,0.28891987496992605,0.02685106414264794,-0.2544173638698061,-0.0857114807585893,0.7747062954667028,-0.07684505281126516,0.22425684593640646,2.5093910952637564,-5.880757611173955
89,-0.4062073998357952,0.2641667065011574,0.016262736748595574,-0.05670795639481367,0.9581462668909948,-0.04003627225686415,-0.07909816387101629,0.05088898670987033,-0.044643969874001696,-0.2960498756172934,0.10682605589593716,-0.1557020259154764,0.2684359974691237,-0.008664591116951267,0.0325364858014035,-0.5248994642803749,-0.3218916911179707,0.2406770500666628,-0.1879631113890092,-0.13638097287326298,-2.3008519780978083,-2.967196980112894
90,-0.14774857047937498,-0.03883810425245522,-0.27541205665600643,-0.12323791066288595,0.3612497582908576,-0.015166056514993854,0.12295996545074253,-0.01100574058171288,0.058512068335039816,0.1114647669548478,-0.1856378889811996,-0.0051990360331150036,0.2653384009743203,-0.1336889587988806,-0.09519384274791218,-0.05170948844716247,0.04521121730507532,0.08821580656487257,0.21299664028003712,1.0839438750228794,-7.996656416178318,-3.396580704711403
91,0.11116002972063654,0.21738128346439314,-0.04337610515083937,0.1361125883453863,-0.4815844268544857,-0.17506050286990518,-0.05998846721552064,-0.09122964479913434,0.06214318934431989,0.1892969641256531,0.09460996956338512,-0.1161877476619429,-0.284345470699097,0.10400153904989964,-0.34324151755540355,0.12194121671723462,-0.03518897151525237,0.7804371163313107,0.05363936651580578,-0.0005370527327518313,2.162615923737976,-7.117186779045051
92,0.004774220941403373,-0.06689677954927259,0.035514187299445776,-0.034013651237513626,0.8954809925434996,0.02752267166506069,0.1348549946258032,0.04856928991248285,-0.09304314704983148,0.056509640216146025,0.1797854583369028,0.2681178814345966,0.20293694034574586,0.09031018083456692,-0.1695897520408703,-0.22948987556927986,-0.03401145824568447,-0.236822521604606,-0.13188809649766872,-0.028590142130166536,-2.572426398369736,-3.9637561426106953
93,-0.08364995845906151,0.25362928144494584,0.04321227539170358,0.20263017378519674,0.07393784427319247,0.14659770756058568,0.00217851319057274,0.3705271190478667,0.026331344989614657,0.08340356214704604,0.39071052738386697,-0.2796290569780249,-0.2635964633991392,0.2011275569611448,-0.2433961684611899,0.4032567652002452,-0.08581644069231431,-0.1550797097811357,1.3989663145223634,0.3071728225814315,-8.853543359522945,5.29627204644272
94,0.009206755840616108,-0.06302915305989176,0.06085146919291524,0.014391206712548968,0.003779139161311364,-0.057927224853240075,0.19356739587004645,0.062122775080202586,-0.07196565514386355,-0.01470209617390739,0.8991490130175219,-0.0828040489744123,-0.08721922756545626,-0.1544089417481011,0.10580735847612036,-0.03961821830749234,0.07543099571265352,-0.09122134630266934,-0.008216885846869977,-0.09679088770500532,3.0817155601498833,6.20919507316084
95,-0.4183580730950045,0.8880755509185224,-0.057195305777023676,-0.14725225563126204,0.3607761513317452,0.2063140022016156,0.2736906108666561,-0.1830816421160736,0.23415735280139224,0.10290880683733064,0.16004902077445324,0.21358491826059645,-0.18854750586385485,-0.08803616286774063,0.17896886480311855,-0.5509799815643259,0.3139808270104315,0.11476220190837773,-0.009482522349913898,0.04575027511486073,-3.7300198929420745,-0.2397280854618897
96,-0.15577849453645864,0.9470708000860284,0.16641884256973652,0.1963268100443969,0.4078059375652456,-0.011181161970949262,-0.09960663684790554,-0.07777827825868584,-0.1539796075320616,-0.011775591019664838,0.0578885709848096,-0.005179170960747268,0.16582329382765482,-0.035425317999477235,-0.05255217531536791,-0.08791729899366643,-0.2469372131887206,-0.2371260600869758,-0.17834853338096532,0.19684198515859888,-1.7843574489094687,-0.46818196870222917
97,-0.2895995365379049,0.3020879986176522,-0.059974544333767824,0.09170120552500577,0.025345964840839508,-0.04293350068291766,0.2833081858693774,-0.2769647128047617,0.05020074238875039,0.15303983353245426,0.9949824876738664,-0.019859356629430832,-0.023979583243805558,-0.20631215756828544,0.0064075509200280855,0.08616546131410441,0.011528539226883874,-0.04575774141886647,-0.08230142434775505,-0.04693759282670456,2.46324948291013,5.965684246008828
98,0.06172739670793057,0.009133611435343691,0.13341905187877934,0.12204316554977294,0.044106930559741256,0.3209735115801462,-0.012508278864582644,0.05769543195712085,0.866602109116386,0.03114546255039385,0.3294240568596583,-0.13346118142931174,-0.2351944809494657,0.20680473757616188,-0.030865560513531832,0.019918668013899896,-0.009359974592370531,0.016415940865674602,0.17646558633627846,-0.17409900097857595,2.520737998426732,1.8098841696917884
99,-0.14376656181300687,-0.07017981174948866,-0.02680868543794009,-0.05740784927705383,0.030158958839452445,0.2942978895635462,0.08635659730124877,0.1621862880435928,-0.07618643531167453,-0.08878665987431618,-0.05719971707586876,0.1290001243109631,-0.3249045527886532,0.8437330423462103,0.01547837462731718,-0.033894140868754016,0.2976206102524505,0.06771242670080474,-0.10015695921853038,-0.2386142683815688,5.680019387163994,-3.865053184295279
100,-0.06447171131845515,0.022309611278548386,0.1158409031535076,-0.02467224786057785,1.18505909132609,-0.07001360120940184,0.0815434173517181,0.0004430442969444841,0.18948758593541049,0.026267548719199868,-0.22999544256924445,0.1333353375294268,-0.009990762453771352,-0.0677573379252151,0.14982922343002344,-0.04058965327340613,0.07350624531088612,-0.09413703453412076,-0.10243690700647796,0.22182001280129007,-1.9513492087064521,-4.388945019264431
101,-0.009575028917653987,0.10860038233635402,1.13768403618619,-0.12301554612601348,-0.13252226852982876,0.2829004755328308,0.15471948036996433,0.09644776168749106,-0.01887331478249076,0.1257829007254401,-0.17331973715751348,0.20851302435889946,-0.0048695185663356145,0.10765656305858984,0.08796683672512262,-0.017910180311321564,-0.023871865066604173,0.16628884086671528,0.13973266148911798,-0.2412461737001699,-2.999358234756134,5.923908642482134
102,-0.006221687480215373,-0.2858459168735031,0.0385951815034358,0.0991612134175396,0.044655494898172735,0.26102823721214746,0.010302110309454729,0.05582786112915791,0.3078240552005878,-0.28943311658007864,-0.08511596341218106,0.2663056733085911,0.17480277198580274,0.1266734637536478,0.1554803176645153,0.06107285525762115,0.30466710027361465,0.07053871800821382,0.04479022482565978,1.0296822472823128,-8.860240243417248,-1.5118853552942364
103,-0.2191219562180663,0.1534730103797381,-0.19191843974868525,0.009059135700750166,-0.1809649664066887,0.1925162907483064,0.16410062325957034,-0.05928286512646501,0.11270548626539754,-0.3110907591223581,-0.4244193513872471,0.12505307048750008,0.04743610838628537,0.18073311537496808,0.6782548934249322,0.2688035743977369,-0.2597937598104522,0.317908408850075,0.6254861853600456,-0.13136928156748834,5.3717317465870105,-6.7546399039958915
104,-0.02065049088692016,-0.08074773516794523,0.2011144895375592,-0.04198171395150131,-0.1076012503107353,0.10729634018096462,-0.09146529686192127,0.12301768486284913,-0.11146193447102004,-0.04163301964608927,0.02841590523405549,-0.06986035844844407,-0.0025117839084446807,0.15227253734921034,0.07667139884979772,0.08981117955714947,-0.1186535023241167,1.159248334265979,0.12502692961697626,0.18755452638114845,2.5724407273139365,-8.109601584343277
105,0.026897160045793667,0.2715555227623,0.14210806722712646,0.02272029474003388,0.08288228564024666,0.06230678477510404,0.2789883896096142,-0.038309065866346886,0.058458923286956864,-0.15948472819221748,-0.4767180868841213,0.12204976472591846,0.16141559531409727,-0.13858397964853764,0.4238297682712271,-0.27157273316350633,0.008544457440176895,-0.03495271556763588,1.2862148411845444,0.2743723838570901,-6.686388649548813,5.548389899213613
106,0.32216425173668817,-0.5344800536081465,0.010264082819966498,-0.08395261629112026,0.3728971860507199,0.014214027811551153,0.38035551087026265,-0.544022726494327,0.11772014127809505,0.0717352778624892,1.3561776144824411,-0.42042240309659057,-0.03971156807563738,0.016920972095856333,-0.12699528432940838,0.3116196786082697,-0.08675157582340977,0.5211932150731433,0.2700218633537263,0.2435508128442044,2.477045187215199,7.780629649403711
107,-0.08053950506844057,0.09756510046878156,0.15304193717252812,-0.09951559568120652,0.07084362274138792,0.2625530179800768,-0.10099205656800536,0.2543919417489587,-0.12895425750308115,0.003472680489244598,-0.0016857822637472352,0.0017392173465780956,-0.1266994406244854,-0.08941689384981111,-0.10099320089931883,0.04945334110527768,0.04991806195570502,0.3366757722932816,0.20736312939965185,0.9228858220540319,-6.611611581504661,-2.6886323356933115
108,0.008785812333849534,-0.06045737851396861,0.6645633124875381,-0.1489350806525635,0.03651305691289615,-0.27655255741145496,0.04081918926211267,-0.06736283848274338,-0.17167967141347062,-0.07899059466338924,0.12247639899532516,0.14881412885553744,-0.3255288448457808,-0.025121744969121902,0.15358416586890886,-0.043340881735969616,0.01828710271660373,-0.2513133685158048,-0.080672728339607,0.3073374154367453,-1.908420275820703,5.281437920384855
109,-0.10327155365316236,0.3131225696851184,0.05334848813790565,0.2501607083767861,0.09128128922616356,0.1809848241488712,0.00268952245749721,0.4574408877134157,0.032507833320511915,0.10296736067536548,0.4823586757825519,-0.34522105799756164,-0.3254277325915299,0.2483056258779565,-0.3004890968656665,0.4978478582719077,-0.10594622307693126,-0.1914564318285626,1.4925510055831646,0.37922570689065616,-8.928797208381123,5.313374414347352
110,0.042228681732302265,-0.057029281575460375,0.0006314717849780513,-0.2243792251671912,-0.2238202117285114,0.020371550815191743,-0.10099364021573748,-0.0017477812181983911,0.1269736023518714,-0.026307034176670786,-0.4251156799059365,-0.02278647727450936,-0.07275827400653613,0.964502300498756,0.1360849693586176,-0.2387538905903213,0.03689862481697508,0.2375096603898545,-0.09467437196827794,0.07143995183970084,4.682515032427962,-3.8683519587159054
111,-0.2426939833720065,0.06261284447690772,0.35894675778914625,-0.1051170354361532,0.13548599362859826,0.0630493999138923,0.22118580291005244,-0.20613323685244184,0.6010807079557035,-0.3276500699934489,-0.0936338976865568,0.2402872359073977,0.07600656727513103,0.21259638181800164,-0.1270738795607464,-0.01916088417354533,0.0031331552166467646,0.401957204386158,0.17684959065880754,1.2040631712716283,-9.555811999917177,-1.8436629232542623
112,0.08816878987547938,-0.03043462327580125,-0.08954160023107915,-0.20113017769113267,0.03377276786658222,-0.08678645990956628,-0.0019331610535197649,-0.060243387638667975,0.11690073856791593,0.06666486902800889,1.0547893462331943,-0.0754829184950514,0.05712664607649499,0.21008936335797745,-0.10195370392371582,0.02111380491188629,-0.20205071007640885,0.17134219947001347,-0.0487494509912427,0.09587617700867168,4.047052851093783,6.055918616645323
113,-0.01245453917316722,-0.0725433456296308,-0.04554081534783457,0.0812198302688788,-0.06258816790918678,-0.16591073583481594,0.8597356521664181,0.13436192817426218,-0.07936761958625915,-0.20952428760479616,0.015454549624173563,0.07638083555600267,0.2010063233165124,0.03295805294790108,-0.09978182763961266,0.0716940502568465,0.10998575187422294,-0.005884457207928192,-0.006745692053299485,0.039345299619762776,8.219726509126277,1.3881577507712364
114,0.09796532208386598,-0.033816248084223614,-0.09949066692342128,-0.22347797521236965,0.0375252976295358,-0.09642939989951807,-0.002147956726133073,-0.06693709737629776,0.12988970951990658,0.07407207669778765,1.060877051370216,-0.083869909438946,0.06347405119610555,0.2334326259533083,-0.11328189324857313,0.02345978323542921,-0.2245007889737876,0.1903802216333483,-0.05416605665693633,0.10652908556519074,4.132386395172962,6.071930905825509
115,-0.1966015172503167,0.17871168896689946,0.26378541436138714,0.057373493360017264,0.013811876443536887,0.08052391261816612,-0.07927254357134317,0.02097958026792348,0.004766826784074792,0.07676233857363463,0.8091247459851605,-0.06211840943531504,0.10352304411498232,-0.08276910480146897,-0.12169979716444382,0.25018062165265864,0.0046699549679704785,-0.0709250650861018,-0.20733757529073266,0.08935449334049958,2.2549755705785843,5.236297616342243
116,0.03847226592911624,0.04568220163130387,0.10858254073721604,-0.006769951739813688,-0.1838099039827021,-0.100277492514823,1.1003185628323358,0.01721259136991856,0.07961265324848281,0.053267331248348634,-0.025110355797420072,-0.021318119824151188,0.2275193853260549,0.050803036421825966,-0.015753661435354147,0.055794922062510965,0.02730888648000109,-0.26430445109047995,0.07964387935373113,0.22308894405229546,9.143511631811295,1.345039889200332
117,-0.23389105098107105,-0.045710729923407925,0.09964075511084017,-0.08694935421067061,-0.014594871004942575,-0.1014807188785138,1.1923709938744982,-0.2303028254915219,0.2145332837162697,0.5022688166009104,0.12110246554294445,-0.13501161193376698,-0.13736264281333438,0.3098931388323881,-0.288569674462972,-0.2443117472422203,-0.2982670558994665,-0.32748427624366616,-0.26762394376609605,0.2023297988362544,9.257023196405754,2.84063997301525
118,0.2478417703627569,0.6012565170342674,-0.166000421002262,0.08677827337508275,-0.3478413111613791,-0.12786739909564726,-0.2325209223543709,-0.20048481741573693,-0.12441953663383044,0.0008593615686916603,0.007024261277329249,0.17185506713341187,0.04426824030986752,0.8912032193810248,-0.16525384475698485,-0.09712357773868928,-0.14199801209836074,0.1552586799591271,0.27370309747727106,0.40288825804096107,4.114318528969534,-2.4342264152259756
119,-0.0978866835412116,0.07142774044352128,0.14072499231453126,-0.02651673912394573,-0.21506646150034972,0.30219237586799924,-0.12955373400188794,-0.2331662660839265,0.3924086911290425,-0.061110191582134064,-0.2210881802791698,-0.10337078426387897,0.055591444923566005,0.02878476775708116,-0.12882468855191834,0.2756883301169773,-0.078889322790822,-0.1791847473745376,0.14530560681687005,1.2010217658658278,-9.571195898844628,-2.6898436333671665
120,-0.2238840135939497,0.3288088850042277,0.5736605484386212,0.3909719267034565,0.032690690398566674,0.4226619299117656,0.08200034621532172,-0.11002882368824868,0.10751450260264604,-0.021760308413300386,0.7733617243741779,-0.2070902012883556,0.1848970205578669,-0.4256810942280985,0.1392716678013866,-0.3756679754491757,-0.4889948937157969,-0.42390938374101145,0.4533981799258205,-0.0452378240676769,0.8062890724266821,6.315471917662149
121,0.03742955773377627,-0.002372457580743005,0.0004783548890319644,0.2367083799790365,0.6599311927363757,0.23299526421594435,-0.17133627558934067,-0.09111055921299216,-0.19036695081927826,0.02066006954029954,-0.4393482736285624,-0.13096082463148193,-0.1188973777505048,0.29137388191070723,0.03474044933013011,0.16033786516197548,0.001369075126543401,-0.24180304608533465,0.20913797584440227,-0.19489962761032173,-0.03387520576547995,-3.607431703094716
122,-0.08772748756290025,-0.25599849235621097,0.20334808090050774,-0.17910014139311614,0.01126920786194765,-0.08131619785909827,0.7689392345118445,0.08222224470823909,-0.35655720767795324,0.15169022258030634,-0.2476740709758712,-0.4435734433782553,-0.012834749500768407,0.11056063329950436,0.14777861839881226,0.20961679940992453,-0.6028720209368724,-0.2574622081198122,0.027318397633323624,0.38908432116703,10.098491940044942,2.146705186844003
123,-0.07323719437498047,-0.049597855293626224,-0.2008617094011031,0.035009523375073376,1.1507226002491395,-0.08290620868613098,0.10977104751345812,0.4027394396008639,-0.013886488100724577,0.0984960087390461,0.029761625706356112,0.14665632613348914,-0.25994710032046264,-0.15986551462887594,0.02169902817917341,0.1341537623824753,0.01974185813379733,-0.251767969583782,-0.12457213415849065,-0.12019990440609984,-1.729447803085089,-4.8635927365109755
124,-0.0687922466844743,0.8889498182126601,-0.06908618074976414,-0.14318789861603207,0.3399331117938988,-0.3056459455478601,0.0767760477100174,-0.1748605604058465,-0.014203829167546103,-0.13449244037514801,-0.16030554820670007,-0.15521000154352646,0.23889869087262544,-0.01810313997249173,-0.10423173508752194,0.07565688073399142,0.0014088075259431926,0.09801508810997607,-0.2483281853762564,0.04132828920908402,-1.274606589876609,1.5777841823529195
125,-0.1013372141023467,-0.3311659390628809,0.2503088791919925,-0.318385060058536,0.7878183904384853,-0.036950789035472616,0.0005424981605562115,-0.34640605054911866,-0.20875320438492487,0.06109982101387496,0.26043517274980743,0.08045580562656554,-0.005949925408741893,-0.3601821501438549,-0.14231595672484715,0.12022008905300108,0.24919068058124105,0.20502786495056166,0.03182966191383962,0.27769659547874503,-4.0169793097663495,-4.103199849980919
126,-0.14376656181300687,-0.07017981174948866,-0.02680868543794009,-0.05740784927705383,0.030158958839452445,0.2942978895635462,0.08635659730124877,0.1621862880435928,-0.07618643531167453,-0.08878665987431618,-0.05719971707586876,0.1290001243109631,-0.3249045527886532,0.8437330423462103,0.01547837462731718,-0.033894140868754016,0.2976206102524505,0.06771242670080474,-0.10015695921853038,-0.2386142683815688,5.679683925555275,-3.8651348201468902
127,0.06172837738798094,1.1772521613872309,-0.28054151013639017,-0.33194256574067377,-0.09947123732938057,0.20367497098655574,-0.0646549286030669,-0.14838191065250256,0.036966300117169185,0.20202904229624888,-0.2698127204002081,-0.22604388653266985,-0.14726768429007553,0.20440109419402647,0.04384806704484121,0.39813558539344185,0.17486188629513716,-0.006553298987878321,0.23622714160187305,0.03949269623635671,-2.428770212454852,1.6042689106620636
128,0.055554657037137516,0.008220250291809323,0.1200771466909014,0.10983884899479568,0.039696237503767134,0.2888761604221316,-0.01125745097812438,0.051925888761408766,0.8799418982047474,0.02803091629535447,0.2964816511736925,-0.12011506328638058,-0.2116750328545191,0.1861242638185457,-0.027779004462178646,0.017926801212509905,-0.008423977133133479,0.014774346779107144,0.15881902770265058,-0.15668910088071836,2.558093054889491,1.6862029732364443
129,0.2338586792234444,-0.2748712576315302,0.8653565468454657,-0.00835734484486892,-0.08436824871963876,-0.01644415806790377,-0.2452593110514192,-0.1485905014883281,-0.3405847510939498,-0.1846598645886551,0.14402572929821392,-0.044443009816999016,0.3124092208576643,-0.12355960384299433,0.02470451508555248,-0.2517219989375053,0.5395796946211247,-0.03705967261620211,0.17212914130742812,0.08576789938695567,-2.1710620874890916,6.812828396373848
130,-0.12429929402443135,-0.02429255602122583,0.05295318253686001,-0.04620845175107301,-0.007756312841737689,-0.05393101472151625,1.1022338333556572,-0.12239236388203988,0.11401178283145808,0.26692624216320443,0.06435881539060795,-0.07175070605769306,-0.07300014025936122,0.16468991959422316,-0.1533577563662763,-0.1298372792661528,-0.15851134245426834,-0.1740385712512102,-0.14222633629899786,0.10752635062333786,9.133686516964518,2.2802925165837302
131,-0.015054207856564797,-0.058865098937432074,0.14661246287288066,-0.030604669470644462,-0.07844131147652603,0.0782190319919232,-0.0666782014123406,0.08967989226501699,-0.0812557502293736,-0.03035047132199908,0.020715194915626445,-0.05092820130891573,-0.001831090469256172,0.11100667972757436,0.05589344976150255,0.06547234989716197,-0.08649840319428106,1.1160920356798991,0.09114463169077566,0.1367272497318572,2.4867070989603097,-8.00565033258953
132,0.4166573233149062,-0.05415875327525213,-0.0038434703721615428,-0.029049764344767606,0.2767754248512262,-0.4117974981854171,0.1168437958031756,-0.2420232952736785,0.14620433702664076,0.3951787819766693,-0.00010689586132178412,0.09583776385411172,0.10490443155926614,-0.2048114695591313,0.3871980910560212,0.4371024397041093,0.1797579442737884,1.018771659640739,-0.1183115559868482,-0.16047201899523925,3.533959655652253,-9.233308105513633
133,-0.2958676924831382,0.1576843898901627,-0.22647799901136226,0.052988099773281616,-0.05269424798645365,-0.2162705088910193,-0.302382010392552,-0.0954262451840966,1.325026576398736,-0.054802268707929,0.17127216728184244,-0.010651576662642577,0.16371060616129127,-0.34113794413536536,-0.07528708383529614,0.17728186073161178,-0.030484487795221237,-0.01614373732296738,-0.08037986592736691,0.2146228462583248,2.5134265817940014,0.11859097859484932
134,-0.03794403038199117,0.09558087150147283,0.7665685246841765,0.05647644993884821,0.5561186247854927,-0.10540219688554388,0.07317020295034384,0.34707841129758266,0.17559568806917206,0.09956257855126846,-0.23368582998768075,-0.2945225003912738,0.012317782764034248,-0.10678978091548832,-0.004393490811128663,0.04741004158130916,-0.1559369377103359,0.1139055910558366,0.4284530351489665,-0.2326834196340509,-3.8127816332892968,5.3537967835808775
135,0.3427480253428199,0.00986201059696311,0.11567991803296952,-0.012932613913270549,0.12412590399717095,0.1114248171140276,-0.028504953379233224,0.11641075074565382,0.3973637738358896,0.1643716609728688,0.07510659842923775,0.02876312285482823,-0.2334515771736484,-0.23682279162928915,0.07454339459760058,-0.3156857925553642,-0.17666153313517258,1.2954268623823846,0.4412874513632961,-0.3840529233985324,3.656164889630789,-8.225051142894038
136,0.1174943052434658,-0.05020846299689992,-0.1852368380753337,-0.0041256877643169616,-0.14047096178608426,-0.15832485719728326,-0.01734556346536651,-0.17669288560339508,0.0414509355327564,0.10217703247925444,0.8588943934371629,-0.2299423453135397,0.2623830291058292,-0.1580184310699415,-0.11090759535758693,0.03579889833901523,0.10072785913608284,-0.043075694463864486,0.07743943594593898,-0.06738829022599946,3.2433452851287288,5.490281637240332
137,-0.2743808712631878,1.049188900208034,0.15006270920446185,0.007945723663280849,-0.1567787077951889,-0.07172300089078099,-0.032054998774694164,-0.02232737629049294,-0.024857524137267502,-0.013462081659972478,0.02615410594151234,-0.14806612392692614,-0.029650603429625687,0.18600690649587048,-0.04712410924648261,-0.05437574265280693,0.1320933110665588,-0.3135336872422326,0.14473437331903155,-0.07741649824457991,-2.271737203335685,0.6495553938796044
138,-0.2383422795772048,0.04354134604866288,-0.06544166350853327,-0.2144326127105932,0.23843303719836306,0.3368823381692773,0.3115847546693299,0.2425212938513323,0.12732137225059387,-0.5615850949240395,0.5278634534223939,0.09549737335255792,0.1923159484889317,0.3525820445786012,0.4532658599010155,0.13230906842219364,0.13773178895127838,-0.18949135460414093,0.010463898080663257,0.7298904926745511,-8.57771022325763,-0.5678728580252456
139,-0.1415167206881599,0.9906478304524752,-0.16757107701227172,0.2450767169672953,-0.16039534163660138,-0.16785886978155815,0.013927469986161123,-0.2011259914028231,-0.07929709544867444,-0.15497873617274194,0.2635072190219399,0.14673262488937555,-0.01073124488278615,-0.07305169942791627,0.1756969191000372,0.0756634878725741,0.09300099360203576,-0.004890859023613679,-0.3152420679737758,-0.02100069797098532,-1.5702592644756237,0.16151046504634034
140,0.06125851101428445,-0.2864166486450999,-0.05205567014077152,0.2550767736118383,0.002167978028209343,0.2524061147375607,0.3141168070810849,0.11399303125065922,-0.2441064459536112,0.03855107298341768,1.0128544279513974,0.5291792436649484,-0.4628593379008379,-0.038371142266633775,-0.16623593770302786,0.09537273148884093,-0.6937429786486897,0.3173130924524265,0.0039128880926039365,-0.5250111551484826,3.3552947236920763,7.926072494242414
141,-0.5873877853899881,0.1209881540582654,-0.28046377377141873,0.2777440351919522,0.027338688533438328,0.07833163469068521,-0.32200819630513783,-0.206993251491626,0.06552789339817801,0.1845410143011386,0.9262615609813016,0.07047398965327427,0.3086501661960181,-0.4923457393132138,-0.4205487323536452,-0.1124173184050901,-0.378659885158474,1.4700407153327704,-0.12972254079627096,0.4370842907954966,0.5286422756651156,-8.741428775030997
142,0.05863780815289778,0.06962688863176934,0.1654969375662491,-0.010318475445532216,-0.280155317760558,-0.15283873268529646,1.152901330334302,0.026234707163418008,0.1213422546082652,0.08118782388103737,-0.03827214722972119,-0.032492180801937484,0.3467754691755144,0.07743184944646543,-0.02401106757408039,0.0850402713953833,0.0416230551440346,-0.4028417178638621,0.12138984812335182,0.3400227770954053,9.396566993446145,1.1012274210066957
143,0.5315165981643801,0.25786483037812297,-0.2451091269790525,0.5436140157590074,-0.07627509655284324,0.2283830940317558,0.2695926362617315,-0.044116645903358925,0.1747700526974107,0.2624646199997759,0.10713258431014168,-0.3128949503672268,0.08488007241310946,0.37749604408702203,-0.19767747836695154,-0.04258673676609818,-0.12384687198170335,0.5263096838696916,1.1913384422033877,0.11596567159048048,-7.9002088026171435,5.6632964764488305
144,-0.05139383266012578,0.11633882615989055,0.046613157469632766,-0.03041403238211432,0.33545750919471146,0.026385477801650462,0.15409497329649754,-0.07636392285308381,-0.18553126891082347,-0.10777839738153036,-0.0364830151271241,-0.0676011323097977,0.18191648337306765,-0.016340679872882992,0.06281776666105349,-0.006327279165608621,-0.059017880164615566,1.0051722333267807,0.2333264290110814,-0.10453752745126556,2.6222967709158427,-8.871105610275466
145,-0.13909786597183588,0.3997460369097717,0.08169401833367754,0.3464348855844953,0.2420417240769865,-0.028561404056321286,-0.062356416284588385,-0.06102350819390905,0.7232067905970948,-0.10524559076140624,0.037323548713512116,0.2308022410859085,-0.11688233474601226,0.13341173117524607,-0.1894556950985064,-0.08868134952181092,-0.06921848777541659,0.05623670871976162,0.06916843170406885,0.14555492045590454,1.1257519750735896,0.5030213726915588
146,0.15126954975206425,0.02676099218416865,0.2363994783080037,-0.2561980027683252,0.08347665168735821,-0.14208236877024133,-0.1806704125873031,-0.12009801347795344,-0.06463999632400562,0.01165301880384971,-0.2417418369572443,0.18690081061989086,0.0966142633695508,-0.3187352885745073,0.3087781558995997,0.3933534692609607,0.2445696930346927,-0.03733027186809326,0.7778434184252939,0.21877452026229785,-7.237196030598632,3.330301964005651
147,-0.5738793869615973,0.8464685197784942,-0.0784572095706772,-0.20199212020749246,0.4948918399612418,0.2830096052148362,0.37543293671694944,-0.2511407985131324,0.3212035017851745,0.1411643440841298,0.21954598185796054,0.2929834269692681,-0.25863855399705743,-0.12076291202707905,0.24549912867368806,-0.7558024438468119,0.4307007229224026,0.1574241452789818,-0.013007575239936762,0.06275757903273077,-3.8782761561928796,-0.2867118779572905
148,0.041588397481973634,-0.002636063978603339,0.0005315054322577381,0.26300931108781833,0.6221457697070841,0.2588836269066048,-0.19037363954371184,-0.1012339546811024,-0.2115188342436425,0.022955632822555045,-0.4881647484761805,-0.14551202736831326,-0.13210819750056088,0.3237487576785636,0.038600499255700124,0.17815318351330608,0.0015211945850482232,-0.2686700512059273,0.2323755287160025,-0.2165551417892464,0.005527346457227927,-3.5988709149245635
149,-0.1421993992087317,-0.059974516955546335,-0.12951645352712546,0.19055710162369954,0.036450938922667056,-0.1470638242379307,-0.04241794013768496,-0.17851909518986891,0.15309122407505754,0.20935929432360734,0.18936625163798645,-0.1731356306476342,-0.013804206112926988,0.9392621300627642,0.08500490950051856,-0.152447123939341,-0.10222913251685227,-0.06249938965744022,0.02318499748307369,0.10498749476846324,5.045062593492682,-2.4227667311049768
150,-0.0961344996605873,-0.041113030229294495,0.2323071928513218,-0.09798429174379916,-0.03449668334473598,-0.07220760123843026,0.05449155053409442,0.12525646893677944,-0.0610374576936532,-0.052853915106079084,-0.03417890570138928,0.06491158764080775,-0.09058562227819997,-0.04606002682675658,-0.29062486235172663,-0.16928188627919322,-0.013775834896063415,1.1100001373754802,0.036150653593390834,-0.1346135471093182,2.0979342606711446,-7.846765012857475
151,-0.15312077994856432,-0.10369679438362704,-0.4199519365505047,0.073196216356563,1.3151235148066809,-0.1733362869090955,0.22950399116836875,0.8420281201924242,-0.0290331969551226,0.20593068602168674,0.0622241660072564,0.30662194576943563,-0.543484811046157,-0.3342390775036927,0.04536727747801297,0.2804821908368533,0.04127532111079402,-0.5263842805248833,-0.2604493864762466,-0.25130814020768244,-1.4991284377331144,-5.296003436165338
152,0.08070689627643585,-0.15810558568240418,-0.1412518410657216,0.22506021340140725,1.2770474649468022,-0.0857450321950974,0.08815754759305597,-0.3903646842164656,0.041148310688224325,0.24689312020421084,0.1092951075020224,0.02096780457267207,-0.08063449269720978,-0.1341944911336227,-0.037155486859239896,-0.3218884108812393,0.33413325748416944,0.11706075207302608,-0.02125333236669572,-0.12859525837543445,-2.8256879076802917,-5.293630508344155
153,-0.1189811440683822,0.1747425226555318,0.3048667355227693,0.2077785116992116,0.017373173196104673,0.2246198786942386,0.043578345993016805,-0.058473828089706574,0.05713761477765281,-0.011564320063472768,0.8795551281631375,-0.11005622366288494,0.09826185750229337,-0.22622438639767484,0.07401467440803669,-0.19964536454068532,-0.2598719353112169,-0.22528282680470685,0.240954382137958,-0.02404123446035028,1.4113793554854923,6.187750226762975
154,-0.15839192822347464,0.03271723406654516,-0.004812660456319357,-0.1431067738904745,0.06410825407870874,-0.021016675532767905,0.09455446513221663,0.10089005973155826,0.2650247762393133,0.1637422033665581,-0.045229617243023656,-0.029327088889451014,0.13472272335170066,0.08027840128592499,0.07842450774921528,-0.19809832301223465,-0.002980269294129175,-0.0904184662033624,1.0342944348026308,-0.0120247100468055,-6.455284413794925,4.847391759636042
155,-0.3329463957904735,0.30264981450473244,0.44672291547932585,0.09716251479282843,0.023390534037048702,0.13636795308670108,-0.13424874861783126,0.035529103402129544,0.008072663015588396,0.12999769441249578,0.6767510812802258,-0.10519807183070846,0.1753171842283228,-0.14017020576380462,-0.20609967512480112,0.4236830795655449,0.007908609744399527,-0.12011222050517673,-0.35112800435355823,0.15132261907991595,1.9738676606743317,5.0021815664763745
156,0.07977502538429625,0.7227705556400658,0.11887869003491093,-0.2889039509353083,0.2560625023582944,0.3415042362488288,0.346005983353683,-0.3460293720624226,-0.04668704977252895,0.3579103666590074,-0.5327580750085796,-0.1579294466493642,-0.45123731650781496,-0.29490460045414146,-0.3201670635999423,0.3954649043932616,-0.07416743882517329,0.7269829932341196,-0.3274872869099523,0.044799091065263086,0.9167526698891613,-7.1367629190581505
157,-0.5332625376025241,-0.07288013055414988,-0.07890687374118112,-0.09320200953612896,0.9854466615432034,-0.18932627162747875,-0.21062507265121752,0.4190635983548524,-0.07701154532519143,0.20924258040989346,-0.19290086312710056,0.3717823897575366,0.3490644693881528,0.05325674638179211,-0.253475063676753,0.02005643305594093,0.010905108354114124,0.05524051084177785,-0.2255092391765462,-0.35109728448563504,-2.020400173474903,-3.5266430807004534
158,-0.3586679129634812,0.04474334339128931,-0.4233565467978289,0.2730312818624242,0.016366657453440882,-0.4117062032150157,-0.24742375899409585,-0.18552835380874505,-0.1980490015692164,-0.38163813123075,-0.22403998603122052,-0.1753056878769549,-0.18219192745199286,0.28891987496992605,0.02685106414264794,-0.2544173638698061,-0.0857114807585893,0.7747062954667028,-0.07684505281126516,0.22425684593640646,2.5096262613976394,-5.881398349706763
159,-0.361374618754137,0.04224148700756191,-0.07380328414811667,0.1823198748233597,-0.24025010887922865,0.07011429037614005,-0.3572806304857817,0.20377563458450645,-0.029446823047098426,0.12700941695316306,-0.3382452921207914,0.1278376874953497,0.07843231292751109,1.0931592114154003,0.08007946716097185,-0.04955470768238539,0.3179519563131645,-0.03993241012982272,-0.18933411820791576,-0.015042390877943157,4.38279112988804,-3.391524564231359
160,-0.4958832672349243,0.6290906097604879,0.17222019512510225,0.2548797017885125,-0.03754185702834492,0.1151972312314444,0.06370699496732132,0.09381234533945644,0.3659974647231443,-0.4288992631724272,0.1925240995735472,-0.10872165475871964,-0.06382521160894185,-0.08602178133689839,-0.10676874116651028,-0.34898155418330845,0.05217925086409244,0.4755587241601983,-0.01597573769065915,-0.0003941900729614554,-0.3195103450133635,0.17643762853441977
161,-0.10889155277069612,-0.13515380762721302,-0.023598732119546682,0.15867614217232925,0.4796123449710418,0.028661964232914488,-0.20394850455947616,0.1913296902555068,-0.04549378996681983,-0.09991755202031496,0.031739893059191865,-0.18764541378061325,0.033647722668300614,-0.013366865065157878,0.014879733190736147,0.0576894983940609,0.01020825521392122,0.002471147641956159,0.04300278712858732,1.0628296604875391,-7.485191341464748,-2.6851946431218345
162,-0.021091871451112163,-0.12285279281551052,-0.07712377067830882,0.13754649573892666,-0.10599361193108564,-0.28097128797238896,0.7624610953046084,0.2275431051741133,-0.134409760683939,-0.3548312208586024,0.026172415492512254,0.12935161570221793,0.3404059735414865,0.05581475206675996,-0.16898140127624967,0.12141450364417093,0.18626183656661915,-0.009965379952121444,-0.011423888725125715,0.06663161039096814,7.976062014488879,1.1573742272915333
163,-0.2252037339732313,-0.13591588396844848,-0.5023091736155485,-0.14515333900659164,-0.15060174939858784,0.018099841475946447,0.09631558575441976,-0.2859071234096261,0.20748954187029608,0.4154709758937968,0.9519840265550346,0.3629398665955792,0.04587305638862142,0.4584624515795505,0.2575674036299905,-0.36052700025635454,0.004294168530224851,0.2430535801413932,0.0070419045927244735,-0.008502761893660568,5.323305222208517,4.70474086092242
164,-0.12920581907682238,1.1004911182342538,0.05673953964111805,0.0341928916871252,0.04152020031924943,0.2476043437751289,-0.05744201252935261,-0.2697054310177183,0.024416888090501684,-0.006199597470974844,-0.06340287035563995,-0.11991949585489085,-0.05380647671881046,0.02221633596789203,-0.06160164064465053,0.2955572168728923,-0.11767438448119792,-0.0971672792572666,-0.2803859718600475,0.030810139245753338,-2.032233050060407,1.117138728696485
165,-0.15601250623479138,-0.21628726492661293,-0.009322802247048356,-0.21670233198908184,0.013239201516556935,0.14198617856334186,0.09182610189131846,-0.15853657083030093,-0.1301153498126953,0.0496558204368701,-0.060696598084920186,-0.04789435409158335,0.09028255904498997,-0.14932786290085032,-0.06068705488457943,-0.12101308271431575,-0.15777412954379874,-0.12963372757002167,0.10246666810668688,1.0078378733020286,-8.096331732948128,-2.828198085231614
166,0.08158971004919813,-0.31051616417690525,-0.1684781352861746,0.0613781193287188,-0.05883680561105605,0.11468545263693902,0.09913519936744744,-0.14678209170484904,1.049820826825607,0.1472237484826577,0.01806264791435189,-0.11975226764330235,0.10773680173916757,0.07784783856931604,0.06647693772361007,0.08771190451843794,-0.3668793519583913,0.1079264053853781,0.22151986179280114,0.05349393998124996,3.9338370964086886,0.9232128317971643
167,0.17462680723037136,0.0805150187148429,-0.13077872131068422,0.2918761472265892,-0.2431066728079885,-0.26598045160921463,0.16142778932814922,0.03795393785335775,0.9076532523931448,-0.18462184183777386,0.39002526657361547,0.019677870470693228,0.08977592575483431,0.05342262511899766,0.07307226015450535,0.09076633080362724,0.12308854249927427,-0.06305852594614822,-0.04901230237339689,-0.2925900258384639,3.3215306156768416,2.424196697123464
168,0.30557271777309714,0.06648101833376016,-0.21664668759508868,-0.2243702441581999,0.2352102609883971,0.1872539841268095,-0.2487031499407769,-0.3720334773823878,-0.40502664591470383,0.5254604559601811,-0.02148613363283249,0.7463698129302603,0.17567894497947475,1.1389891622642636,0.09685186476916637,0.3159589250439711,-0.3054960028375972,0.6830561198271636,-0.03171818334462483,-0.2224346397701705,4.258665806959312,-4.826771537356816
169,-0.19691052564185146,1.1089411058871974,-0.042078415278844115,-0.031780809031606815,0.2358678570310149,0.09317818148071738,0.05047880700369077,0.019338260424372943,0.20691034034416228,0.23408027094934705,0.1265295192320419,0.07925572083986747,-0.28512927611534605,0.016841730220843756,-0.017710898153826066,0.01278944762932117,0.1283727938328873,-0.3729404287661434,-0.07749799278018883,0.03674091497456073,-2.7938688595816243,0.46634906635448775
170,-0.01708441587540085,-0.09951076218056353,-0.06247025424943014,0.11141266154853058,-0.08585482566417937,-0.22758674325763506,0.8075934871967327,0.1843099151910318,-0.1088719061539906,-0.287413288895468,0.021199656548934933,0.10477480871879652,0.27572883856860403,0.045209949174075566,-0.13687493503376222,0.09834574795177846,0.1508720876189615,-0.00807195776121837,-0.00925334986735183,0.053971604416684194,8.07526466653802,1.2664981735689274
171,-0.2701104604140624,1.1494391027259223,-0.0577207342645324,-0.04359507411743047,0.323549872470528,0.12781643550166993,0.06924390535485703,0.026527106206272903,0.2838276273582473,0.321097765362616,0.17356587000280094,0.10871840993123114,-0.3911238355491716,0.023102510591006518,-0.02429478484749803,0.017543823908533842,0.1760943673976506,-0.5115780915859306,-0.10630726032947713,0.05039906032175683,-2.9991318496214165,0.4882299579624432
172,-0.207545577105832,0.3473135949457539,0.03351983811229213,0.3243705845737984,-0.16401537447444292,-0.18824394114116805,0.046527186410237516,-0.3482892880422262,0.04460042386103129,0.02017075822295699,0.21072722348621675,0.14544998047828905,-0.0866169636871755,-0.2277053543604444,0.3552640142496272,-0.16434567765473276,-0.21692233750807044,-0.22508272109627306,0.23181519660881794,0.8923401229400527,-7.342777255322353,-0.8142670771764545
173,-0.4822838939833056,-0.21547638236061573,-0.06497468545875881,-0.25271739952306743,-0.1928247582167772,-0.0815537259849114,-0.30678981431542995,-0.07582551589119492,-0.09995064109524453,0.0047438976305671215,0.21552001481429825,0.03221163472705575,0.00393289720853068,0.018571064480447298,0.042460901353654566,-0.1898549302548008,-0.02143191990304227,0.05765291362251668,-0.2559610980045165,1.1616427933675868,-8.511203072786296,-2.4492275174710856
174,0.07239235574431828,0.08595912176761647,0.2043172068719125,-0.012738858574731131,-0.3458707626673556,-0.1886897934386376,1.1887670744867926,0.032388527362244464,0.14980525260279653,0.10023188133461404,-0.047249564481137284,-0.040113803459182085,0.4281178631796474,0.09559487585983384,-0.02964329330133382,0.10498798937701642,0.05138648783214148,-0.4973354541529162,0.1498640100288294,0.4197812062906238,9.523973803203393,0.9609115820553594
175,0.024642005074509487,0.4039270673188904,0.26587221743361555,-0.3960293424699191,0.2473235409996353,0.052418906891422486,-0.0972432913496656,0.006913315361067407,0.3642408865842252,-0.25215048124344674,1.1140940644581152,-0.00274849770122802,-0.5114820163419596,-0.2283252554487213,0.0549895412729405,0.3692300315341161,0.2849838035930315,0.16996965849433449,-0.2320315209081745,0.5126344887884906,4.770383747008207,7.6799294253876305
176,-0.2598789455345233,-0.050789699914897686,0.11071195012315574,-0.0966103935674118,-0.016216523338825086,-0.11275635430945975,1.2137455487494424,-0.2558920283239132,0.2383703152402997,0.5580764628899004,0.13455829504771608,-0.15001290214862995,-0.15262515868148266,0.3443257098137646,-0.32063297162552445,-0.2714574969358003,-0.3314078398882961,-0.3638714180485179,-0.2973599375178845,0.2248108875958382,9.271831528278573,2.9242145731992224
177,-0.05723329352355973,-0.21901447576296065,0.0784404341002162,0.027074948565358102,0.053783414456476664,0.3494189456647852,-0.15250546614123242,-0.032334758545465615,-0.20377103120433124,-0.013545096485631848,0.26775982842980744,0.09557743910915444,-0.019240280751226257,1.0422880737980391,-0.20349203967437687,-0.066169470224647,0.014327240790060347,0.01670850118694537,-0.257229856120899,0.05505917212419628,5.577696736349099,-3.20875966027832
178,0.0939937734479414,-0.17876085193610375,-0.07244849862135619,0.0962545329235126,0.1138677959947758,0.2196806114036295,-0.07855645338346856,-0.1445542814900726,0.14437795803605205,-0.13606292787535404,1.1467656434218314,0.2016233429977287,0.07665943714128451,-0.06009344489955545,0.006904131037932637,0.0997357460897572,0.0017117416089183046,0.3694377692492631,-0.16648859038373925,-0.16850487338673995,3.4100503590232907,7.139263412357633
179,-0.19080640051006287,0.548348473127259,0.11206312528625176,0.4752193217894312,0.3320188258943574,-0.03917888073569449,-0.08553692220108146,-0.0837085160410275,0.6203110982127501,-0.14436980900055724,0.05119828355762978,0.316601153752961,-0.16033242077642285,0.18300648995232652,-0.2598843554163325,-0.12164794173087914,-0.0949499146439185,0.0771422616183287,0.09488125062286536,0.19966381406845612,0.7977370652556947,0.3785139082253487
180,-0.057666160951536524,0.28294527277733644,0.07762504331910831,0.2718498179676063,0.9444484802290064,0.044229179625448194,-0.2496453872523461,0.2444144304951425,0.022542007408798404,0.0091557746762486,0.07019270574555943,0.30017613306245233,-0.04450280920609315,0.3450423958422727,-0.1766713829922132,0.08759361164818527,0.41686671432787603,-0.10162530925942054,0.050884957848913163,0.18206215063870407,-1.3667574821823847,-3.660435597694103
181,-0.4773969171283698,-0.08771886012322518,0.3063438752748749,-0.2309591927228399,-0.24107988565653546,-0.457562709619485,0.8286982130085009,-0.23637177325712105,-0.41120577379947737,-0.2541998174786201,0.7551463964598301,-0.08518852782740663,0.2610056170853659,-0.09433806928261612,-0.29182235532969963,-0.4589535310171805,0.0069119035608996935,0.013452036348865607,0.4841233172887507,0.02923454086093316,7.179718002339097,3.442751782318281
182,-0.2414143091350017,0.04986623085893178,-0.007335254467793564,-0.2181173203634728,0.09771110208612824,-0.032032732102984164,0.14411593527239233,0.15377238184965444,0.4039396071320124,0.24956897327626595,-0.06893707855970684,-0.04469911429576438,0.20533870347767208,0.12235695974077886,0.1195313332559294,-0.30193312454234816,-0.004542400996996153,-0.13781201981917754,1.0522701338250735,-0.01832755684622085,-6.21441337451684,4.987362944370158
183,0.03241202209808331,-0.1944441591828231,0.1295165392640587,-0.021921232102640274,0.3061844928160029,-0.012713545760507743,0.07073801161681809,0.04144307570446919,-0.1051288634400925,0.16673494390642107,0.3201581375839553,-0.002483406340994552,-0.050497383041879916,-0.059664850508652924,-0.318023527666104,-0.029882636838929912,0.04218183983327925,0.1772588199879602,0.16134216739756246,0.9300046635191886,-7.108081728113161,-3.0491860611351664
184,-0.08948833896493398,0.10840566718753508,0.17004659685836454,-0.11057288409022947,0.07871513637931991,0.29172557553341866,-0.1122133961866726,0.2826577130543985,-0.14328250833675685,0.0038585338769384415,-0.0018730914041635949,0.001932463718420105,-0.14077715624942824,-0.0993521042775679,-0.11221466766590983,0.054948156783641865,0.05546451328411668,0.3740841914369796,0.23040347711072426,0.9143175800600356,-6.456209848785031,-2.8531228141578806
185,0.020083400170898148,1.011800629426749,0.11546470577660575,-0.032783866118451216,-0.08306705105532063,0.15900313157000498,-0.2896423005021839,0.0024912039568469537,-0.16513854331902644,-0.09330272866426052,0.2464053226102468,-0.005463524643111738,0.023898596385570386,-0.21826481634915804,-0.08931753266664127,0.024080859586144025,0.04346247031802916,0.07557669384030104,0.0010570307787305458,0.06456492758883506,-1.6699574941651296,0.6384762906106896
186,0.026235366506342672,0.09480319089214677,0.04604117400633554,0.08872417017283825,0.00020024091480872331,-0.10436822287400972,-0.13671411631944988,-0.13587953193021307,0.8130936433685448,-0.14534711175827314,0.2397535565860347,0.10265178813865346,-0.08508228117681617,-0.053142472560545925,0.015321970902204152,-0.08923651563742628,0.009190778375309577,0.10585189527908136,-0.0048655040580580745,0.04574037285899936,2.251814479480801,0.8437192009750472
187,-0.06381601645296996,0.2590939366625067,-0.03998863937817389,-0.11757713092848625,0.3210173358349349,0.2391946668084917,0.004332072536193582,-0.13688353963440394,-0.4637988533401899,0.13594439662236474,-0.2066401492732126,-0.4524686913758933,0.3653487418229799,0.14937604170440136,-0.2625756059441205,-0.2799560011217235,0.20078285572472565,-0.2023986026010662,0.29880148265586365,1.1421123908773203,-7.430608513453034,-4.2404100278916985
188,0.16672107582685494,-0.10543283209533172,0.031359432075559884,0.11482302420567385,0.01521041216531958,-0.1444358180177818,0.7776006197906992,0.15282793551682716,0.07504751329417349,0.08726501746674989,-0.16753243577205704,0.03554047904937965,0.0951366657556116,0.0474978575738086,-0.11268532789374724,0.15310517164735274,-0.23105549343695625,0.14047292213788098,0.1635105333400384,0.23781615578091594,8.72741232412117,1.555563932567866
189,-0.0967065632123336,0.2189120262830504,0.08771087941960215,-0.05722936766661646,0.6312224860233054,0.04964893149314875,0.2899568781793229,-0.1436921932125745,-0.3491098144682542,-0.2028040692786788,-0.06864922941045967,-0.12720345684619305,0.3423079577470832,-0.030747872055191444,0.11820271048160284,-0.01190589202867039,-0.11105255365057563,1.0097324695060803,0.4390448403700156,-0.1967058007403749,2.6385538304477474,-9.377682824125799
190,0.5434084377365835,0.4735465929687594,0.2563786532726409,-0.4285898842741351,-0.1961066209610303,-0.1559883481892026,1.4704946905989171,-0.1990293751881893,0.10990487766656976,0.028707269470684905,-0.2661418695437949,0.10866901821617644,0.11335705339633467,-0.35739979692585644,0.3480370228746664,-0.5938311646769437,-0.16813243325086633,0.2766275951974564,-0.3396071330654287,0.09968742832944076,10.581398187006013,1.0560941829243498
191,-0.19858832644223232,0.2103759384233091,-0.3589925509332296,0.12215053028766527,0.07973828147199186,0.2094920241465108,-0.2085791288210175,0.021039654350108714,0.4504668711386335,0.1373652119433364,1.0208682911934934,0.11186358377128999,0.017879715939487166,0.4545610287776313,0.20408192366729666,-0.017763137050918608,0.05235297779720242,-0.08108161040327512,0.2510161197848564,-0.2917344520786073,4.227793734739327,4.48928752135184
192,-0.1598083317065528,0.7420240631398148,-0.16049115738632946,-0.33263369494747824,0.7896841011279322,-0.7100330488537326,0.17835515906082006,-0.4062111035259724,-0.032996309213763585,-0.31243364709509003,-0.37239897600260896,-0.3605617290653252,0.554975350788334,-0.042054631693066086,-0.2421362943939956,0.17575527003320748,0.0032727406251063644,0.2276946671733164,-0.5768806069485674,0.0960079844620082,-1.063460536201047,2.1284685608128764
193,0.1913881751526923,-0.3045416997518642,0.19806448990401296,-0.3032445033639226,-0.6811323179833206,0.15530540563125256,-0.4497616988221149,0.11550437795628055,-0.17520562287931554,0.4250847931051762,0.2736927956540929,-0.11613227571549482,-0.17618581440554676,-0.31097923781110204,-0.1129399029868814,-0.07181151546552075,-0.0934142421072336,0.0401388291639945,1.14818509426381,0.08956206272835338,-8.192415072247075,4.135226658776819
194,0.1113314563039183,0.08396501413301083,0.039721659712891946,0.1826858549003384,-0.09421124830342233,0.017833060796848897,0.15601165020681296,0.11680743883340418,0.7520676780498075,-0.10382351520038437,0.052450922319286684,-0.08465368299974722,0.3682009004208082,-0.08157026004618416,-0.033656602895964484,0.1596390937648559,0.06857795429161688,-0.030141113973835537,-0.15695503609642902,0.06255724332805265,2.9066848642190526,1.036144919048301
195,0.017251151691774658,0.05800852220573612,0.2272919935913557,0.17343645509334754,-0.037090357810516485,0.12124871202095328,1.0717744075828382,0.13922244407556975,0.08228183882651258,-0.11934828772503647,-0.19843260262890144,0.07015432003791633,0.2330956835566079,-0.09502902663577342,-0.02304345984824031,-0.12689268106261786,0.1442995624386119,-0.2824131737249159,-0.27732807646956714,0.04594485884383991,8.771366713065637,0.6746934736449538
196,0.3932318849787785,0.2519005038892882,0.9890989007365796,0.13372301361185684,0.1304851552157774,-0.0979406186302933,0.09739098059982428,-0.2179511503121103,-0.12180199393910532,0.03611155314403158,-0.06273694924470875,0.2656687299978676,0.09801660835373023,-0.057783556244007765,-0.07117553933359648,0.02827944662353477,-0.1596499098006718,0.09008676070796344,-0.20801546540598548,0.0942307657388149,-2.0430632463037774,5.888706097041211
197,-0.21399189589580453,0.008788620488630376,0.15396902008742672,0.09918658238219402,-0.02394653834400666,-0.050747723490082976,0.040553808064327165,0.014604321721909097,0.26226984795275365,0.027344787476725703,-0.2765920713525549,-0.237623932464938,0.2835969188220722,-0.2186900124528708,0.14275409990966273,-0.05011306199005608,-0.03169885308589291,-0.02504652513426259,0.22806839949426205,0.9639907738744034,-8.898107616300031,-3.337857978601251
198,-0.1790958838517598,-0.26609000870409744,1.087169739016028,0.11566570873910133,0.15278845626079446,-0.08008683397271461,-0.0022644744895186065,-0.1516256220501657,-0.271835855229588,0.22389482990775228,-0.02132089743080448,-0.03782602156972915,-0.41480211672440337,-0.037007908253096654,-0.17479826218431033,-0.03622832342479832,-0.04548812706903009,-0.09263119215722496,0.19478746011860326,0.0927534710295684,-2.775556840440481,5.025790517559035
199,-0.08115989899091125,-0.012167387678697563,0.1278554215594917,0.15948744207873894,-0.361758461000489,-0.2275492329410556,0.6108671730047055,-0.16029794638900868,0.25688243621800666,0.1727463321214743,-0.3472490648730982,0.16199296262893806,0.02714597343039168,-0.1561933391578338,-0.4447615947262337,-0.05528400425421792,0.21501717407058785,-0.6840315370285824,-0.12526515389238702,0.7128670980412676,9.78882040027927,0.2286275450916936
