id,t0d0,t0d1,t1d0,t1d1,t2d0,t2d1,t3d0,t3d1,t4d0,t4d1,t5d0,t5d1,t6d0,t6d1,t7d0,t7d1,t8d0,t8d1,t9d0,t9d1
a-0,-0.772177,1.3648278,0.7807015,3.325845,0.88044333,1.3859018,-0.2931148,-1.1943552,-3.3649373,2.7660062,-8.280141,1.9602965,-15.409541,-2.4971309,-18.511793,-6.618591,-13.8611555,-0.4198844,-10.684479,2.7139134
a-1,-0.5971605,1.386953,2.2044315,3.7409565,1.0063167,2.646815,0.099101275,-0.44387516,-2.9604902,2.542047,-8.308479,2.4390485,-15.926681,-2.579253,-18.084358,-6.4309707,-13.783072,-0.33625618,-11.527011,2.667501
a-2,-0.79050124,0.9600381,0.4680056,3.337478,0.8038727,1.8156564,-0.029583264,-1.0218813,-3.4797494,2.3354254,-8.270058,2.093121,-15.6857815,-2.2448626,-18.316244,-6.2755175,-14.020736,-0.31080145,-11.090002,2.4122806
a-3,-1.1286144,0.99084747,0.35431504,3.758061,0.3984243,1.5457963,-0.02623637,-1.2281445,-3.5076072,2.2937067,-8.41318,2.0485942,-15.910133,-1.9549019,-18.312313,-5.9137616,-13.673022,-0.6870466,-11.112335,2.9178047
a-4,-1.0290076,0.73968357,1.246092,3.5031354,0.78333116,2.1281781,0.022496754,-0.63065606,-3.2922559,2.6363134,-7.9480014,2.266283,-15.421504,-2.6579642,-17.826736,-6.0598874,-13.461142,-0.34320593,-11.848831,3.005338
a-5,-0.85816485,0.667587,1.3447622,3.6051981,0.9155111,2.1305401,0.10577083,-0.4630694,-3.0757487,2.418587,-8.184225,2.474637,-15.531419,-2.5469186,-17.731739,-6.1559176,-13.696499,-0.13405012,-11.381621,2.9518838
a-6,-0.18666352,1.1689016,1.2309349,3.399306,0.9837055,2.1951675,-0.42022756,-0.76997554,-3.111156,2.4353046,-7.9494824,2.4848812,-15.510108,-2.2130861,-18.165255,-6.4271975,-13.70202,-0.24894772,-11.238516,2.8589873
a-7,-1.3836559,0.96542567,0.29490823,3.4779866,0.7950024,1.5172129,-0.106789306,-1.2092148,-3.8302388,2.4860344,-8.462656,1.9019696,-15.323353,-2.1644075,-17.829092,-6.1201415,-13.9264555,-0.5129248,-11.094458,2.4755528
a-8,-1.0918679,0.96322984,0.4841867,3.2356331,0.8720897,1.623826,0.12793303,-1.4645648,-3.4836872,2.268604,-8.324334,1.8065412,-15.8201275,-2.1839511,-18.359396,-6.302269,-13.49854,-0.56303495,-11.260296,2.517945
a-9,-1.3019049,2.0536258,1.0343732,4.027756,0.4240677,2.057233,0.10571087,-0.7103911,-3.2610354,2.7020445,-8.105658,2.5741441,-15.67325,-2.6377923,-18.11329,-6.4066243,-13.571695,-0.32369274,-11.346622,3.0286393
a-10,-1.0821599,2.2845743,1.6371182,4.1808667,0.5210567,2.700792,0.5061809,-0.79266524,-3.0038328,2.5183058,-8.256808,2.467299,-15.565352,-2.558205,-18.133308,-6.201311,-13.588458,-0.291643,-11.453274,2.9320257
a-11,-0.98045784,2.3219361,1.3504536,3.7285702,0.99706364,2.1727233,-0.124076776,-0.8691379,-3.2854307,2.3411138,-8.364909,2.4784663,-15.38525,-2.3165233,-17.976706,-6.480494,-13.833823,-0.34615472,-11.24498,2.6374838
a-12,-1.2009115,1.0867298,0.7483212,3.5310953,0.94086856,1.5749322,0.21124959,-1.0775573,-3.4916096,2.1590855,-8.623239,2.1014993,-15.7439,-2.2987373,-17.788568,-5.9802227,-13.757805,-0.8158921,-11.213103,2.6330528
a-13,-1.2410544,1.4514476,0.07858151,3.78074,0.46371016,1.3846371,0.13367116,-1.4031245,-4.0216227,2.33784,-8.3294935,2.3324668,-15.820336,-2.126126,-18.228476,-5.853461,-13.452209,-0.60307974,-11.610597,2.6973417
a-14,-1.2242609,1.407014,0.15411864,3.7502937,0.51548165,1.4721346,0.018814974,-1.3740417,-3.6929302,2.50192,-8.416447,2.2463078,-15.42662,-2.2827587,-18.33137,-6.169814,-13.632669,-0.4461246,-11.034324,2.6382787
a-15,-0.4258242,0.4969698,0.93503547,2.9883757,1.4027864,1.8458066,-0.16114771,-0.93235785,-3.2869682,2.326388,-8.639252,2.2454832,-15.552152,-2.4004958,-17.97084,-6.360355,-13.846601,-0.23626228,-11.286683,2.5498984
a-16,-1.3646083,1.4077382,0.33449775,3.590675,0.5599389,1.759436,-0.023127576,-1.2702935,-3.6547425,2.2877781,-8.442777,2.3601716,-15.655247,-2.188014,-17.99753,-5.881238,-13.548032,-0.7317363,-11.450168,2.4815545
a-17,-1.3079085,1.5346282,0.30786005,3.8873978,0.49320614,1.5970244,0.22803144,-1.1132233,-3.6639977,2.354532,-8.499395,2.4097662,-15.707959,-2.1011922,-18.159822,-5.9860687,-13.540104,-0.77136827,-11.232242,2.815007
a-18,-1.131431,1.1942427,0.3775892,3.55188,0.6801185,1.4751662,0.08401485,-1.4241382,-3.6113894,2.4681425,-8.317528,2.2181182,-15.734319,-2.2269676,-18.356998,-6.2803855,-13.610101,-0.46049955,-11.132709,2.496186
a-19,-1.2986586,2.0672324,1.3195287,4.032019,0.5233396,2.2547338,0.032426815,-0.7385179,-2.9637637,2.682535,-8.198703,2.5307844,-15.694449,-2.4707232,-18.149279,-6.264304,-13.6179495,-0.3132158,-11.390541,2.8869157
b-0,1.7571751,0.649524,3.5888104,2.768233,3.5814297,3.1465755,4.167353,5.7402053,3.6199005,5.8319373,3.6232636,6.4993863,4.245477,8.625011,1.6541129,5.546231,-3.3239748,4.424663,-4.9086714,3.4953222
b-1,1.1267476,2.097748,3.0230277,3.4391308,2.9194815,2.852974,4.2344503,5.392446,3.6518087,6.280726,3.7639701,6.26192,4.7095656,7.910621,1.98224,6.0900908,-2.9212935,4.1720257,-5.1812983,3.3788528
b-2,1.0462234,1.6202291,3.0052094,3.1337883,3.2508829,2.8454237,4.6000614,5.2416162,4.287637,6.4662867,3.9608645,6.404374,4.7126307,8.521294,2.0247965,5.8214726,-3.2729506,4.026737,-5.4159117,3.1056616
b-3,1.8619344,0.58263546,3.7868066,3.058876,3.7811587,3.2487628,3.713468,5.382632,3.6136646,5.7193174,3.544994,6.1939387,4.192802,8.281212,1.4364421,5.8992863,-3.536225,4.716107,-5.10928,3.4481742
b-4,1.7959677,0.2045607,4.1098986,2.2882414,4.0018296,2.6441548,4.359309,4.717885,3.9602413,6.210525,4.088218,6.456556,4.77041,8.347273,1.5291616,5.624942,-3.3178093,4.4793625,-5.5587482,2.90279
b-5,1.2260922,1.2198371,2.9173038,2.4424083,3.2912574,3.546876,4.4853587,5.660655,3.921625,5.7440367,3.401771,6.621827,4.1214366,8.341499,1.9104717,6.193829,-3.1939218,4.5063677,-5.3285837,3.2755504
b-6,1.5913157,1.6545886,3.3852541,3.0361876,3.2741885,2.8744922,4.279889,5.429751,3.6074667,6.125457,3.752166,6.87326,4.5880895,8.46841,1.4760016,6.1424594,-3.3108926,4.4145207,-5.1006904,3.4931316
b-7,1.2439873,1.8014337,3.404533,2.6945586,3.3454742,3.2546499,4.1736426,5.484697,3.9619453,6.043248,3.4080248,6.8914104,4.428224,8.061565,1.936116,5.6207848,-3.2470458,4.2806606,-5.674308,3.5515034
b-8,0.8292002,1.090126,2.3135846,3.2882311,2.5464094,2.8524637,4.3530774,4.478629,4.0762625,6.4086304,3.8455372,6.136311,4.553217,8.258627,1.9197499,5.92367,-3.1382008,3.869375,-5.476785,3.3132002
b-9,1.3930308,1.1876979,3.2594244,2.751646,3.3650448,3.107579,4.494032,5.3667946,4.0341206,5.8401084,3.6291418,6.705856,4.33888,8.6065445,1.8628374,5.731632,-3.3867757,4.086328,-4.913613,3.180744
b-10,1.7318362,1.6498066,3.1640248,3.4068837,2.9055278,3.121459,3.7078555,5.170694,3.4305158,5.544506,3.5123532,6.1446323,4.439458,8.165169,1.7107794,6.142174,-2.9581308,4.0768166,-5.502703,3.641953
b-11,1.7316333,1.4990731,3.358213,2.8864498,3.4190829,3.509951,4.056973,5.6447477,3.8583126,5.9052973,3.4008257,6.536155,4.2761655,8.224297,1.7464298,5.6139426,-3.387683,4.5209193,-5.0995846,3.1542456
b-12,0.9746625,1.1664212,2.980942,3.4658108,3.0571833,2.6127317,4.025205,4.6741314,3.9260228,6.3424034,3.9904406,6.2230263,4.4032683,8.0675335,1.6760175,6.0457296,-3.1474073,3.947606,-5.580723,3.358612
b-13,2.69198,1.5556469,4.6374884,4.4296694,3.9263532,4.026309,3.9889736,5.7259865,3.605413,5.370721,3.2742507,6.551224,4.2687125,8.116849,1.4576918,5.703697,-3.5397549,4.3622828,-5.135732,3.462907
b-14,1.1280539,1.139595,2.9262016,2.729744,3.1683812,3.0659199,4.5833187,5.3745413,3.9217713,5.843358,3.4052804,6.579947,4.3512807,8.498867,2.0564866,5.885553,-3.2570887,4.2486124,-5.057856,3.288835
b-15,1.5038365,0.85584265,3.5560963,2.8217142,3.66107,3.1730473,4.03467,5.2859297,4.0207095,6.1397533,3.4497259,6.242423,4.33223,8.184575,1.7321429,6.039479,-3.1765823,4.3069754,-5.213148,3.0062177
b-16,1.5942463,0.86946046,3.918642,2.4925792,3.7499285,2.634775,4.2465096,4.996525,4.005481,6.132854,4.0532193,6.2862053,4.606406,8.310053,1.7318748,5.9131174,-3.0786357,4.196362,-5.356528,2.9260309
b-17,0.36723435,1.5057586,2.705942,3.4685795,2.2587068,2.5535424,3.8058634,5.07802,3.5590453,5.581773,3.6352756,6.0027823,4.6633754,8.206963,1.6975703,5.9504,-3.472882,4.1113315,-5.4354515,3.4376721
b-18,1.0233475,3.1567397,3.2732387,2.437136,3.2587156,3.1856382,4.256762,5.13485,3.710679,6.1563406,3.5545979,6.5513034,4.4465513,8.178658,1.7943659,5.785119,-2.9492743,4.4449887,-5.4726653,3.2999668
b-19,1.0567377,3.299336,3.359854,2.8285785,3.0558174,3.0772862,4.353948,5.254543,3.7076175,6.19101,3.696498,6.581913,4.612817,8.34994,1.5782226,5.828655,-3.1212122,4.2820406,-5.444532,3.4397418
c-0,0.035693593,0.42731014,1.6479545,2.4907267,2.8374026,0.49069625,4.3842387,1.3107831,7.141468,1.977833,10.315021,2.7219605,7.3825555,4.6571608,8.563945,9.56304,10.306655,10.326384,7.1487794,10.561918
c-1,3.0158794,1.77773,4.9658775,4.799392,4.361346,4.5957775,3.7016327,1.1699162,7.0745745,1.1606475,9.979578,2.4562001,7.5750732,4.3655276,8.7504425,9.509921,10.932908,10.282064,7.3194203,10.470613
c-2,3.7005038,1.5325223,5.549336,4.436587,5.0148687,4.8402004,3.6726773,0.79208165,7.1042824,1.195047,10.627809,2.5286245,7.2539062,4.5269413,8.430563,9.378314,10.955836,10.674083,7.352595,10.147196
c-3,1.5810006,3.3590453,4.395913,5.7873635,4.3399014,4.897874,4.20408,0.87954783,6.7332964,1.7593591,10.6656275,2.6693542,7.140727,4.3319907,8.602303,9.409364,10.280542,10.417316,7.147907,9.8530035
c-4,3.5977213,1.340395,5.6188583,4.344351,5.317831,4.935315,3.5075328,0.9268214,6.998472,0.8899715,10.030782,2.0085776,7.6350517,4.084988,8.695749,8.768621,10.515389,10.110365,7.8788004,9.986944
c-5,3.547712,1.3891761,5.4985,4.4918523,5.3123045,4.907285,3.5563655,1.0199381,7.1265597,1.08457,10.152621,2.096243,7.5123296,4.2572618,8.539462,8.927564,10.898534,10.670641,7.9373174,10.013913
c-6,3.045242,2.1924098,4.7248216,4.6705933,3.8699017,4.713423,4.0833344,1.3843048,6.8498096,1.4132073,10.209404,2.4614751,7.4037843,4.1785164,8.521433,9.29898,10.520599,10.383836,7.579666,10.432274
c-7,3.037718,1.3424245,5.347711,4.270142,5.1168942,4.924093,3.9343584,0.96442974,6.8713207,1.2789565,10.186233,2.1213496,7.25089,4.1295605,8.793202,9.042695,10.720405,10.715344,7.708982,10.077525
c-8,2.7645264,0.46051535,4.929347,3.4044209,4.879684,4.0727773,4.1055884,1.0319021,7.1126847,1.7626545,10.474551,2.1978672,7.114444,4.772532,8.273257,9.298026,10.505845,10.24357,7.107674,10.414042
c-9,3.205772,1.815738,5.0567174,4.3991666,4.766679,4.5735826,4.000683,0.84022164,7.126359,1.6215756,10.597237,2.4090495,7.5305424,4.417977,8.745587,9.319172,10.817673,10.134109,7.2796197,9.926795
c-10,1.048961,2.888337,4.829053,4.1485844,4.6690054,4.4792786,3.68529,0.76909494,7.191185,1.4739709,10.416516,2.1504853,7.507871,4.6653714,8.321392,8.777894,10.613787,10.390615,7.457398,9.883596
c-11,3.3404725,1.8328078,5.1855674,4.6442456,4.5794067,4.74921,3.8574753,1.3452994,6.741697,1.4258304,10.384419,2.6237967,7.6579804,4.249164,8.754164,9.280919,10.730742,10.156184,7.44942,10.278606
c-12,2.9041746,0.61251086,5.380156,3.3239477,5.004545,4.1829553,4.0918427,1.03146,7.0361266,1.7040197,10.4197855,2.3487148,7.388043,4.6280656,8.420764,9.240184,10.554407,10.258236,7.1612334,10.300107
c-13,3.4947689,1.03292,5.6005964,4.1364455,5.081028,4.683604,3.4951549,0.71540266,7.3815947,1.4864348,10.55415,2.1313684,7.248592,4.57519,8.449612,8.992255,10.841431,10.483703,7.5929637,10.003525
c-14,3.2059205,0.8772073,5.4568706,3.8244936,5.017645,4.530076,3.6373198,0.795412,7.3151326,1.4666744,10.632411,2.0487647,7.173184,4.7500334,8.539723,8.736848,10.783272,10.528444,7.575635,9.922057
c-15,1.93274,0.20762995,4.6627584,2.7346814,4.593119,3.4870439,4.068026,2.1787121,6.964078,2.2497885,10.18412,2.570549,7.6507473,4.1376395,9.125959,9.227945,10.504621,10.1019,7.338068,10.293413
c-16,3.166577,1.0453638,5.281493,4.0204096,4.885622,4.899175,3.5891104,0.9021416,7.216434,1.1685125,10.263351,1.9368112,7.398039,4.5780296,8.348449,8.699307,10.622342,10.347882,7.510799,9.841206
c-17,3.411366,1.6490304,5.343226,4.528486,4.8915014,4.8523903,3.8365476,1.2547835,6.887066,1.3671154,10.105394,2.17849,7.523422,4.252543,8.861371,9.057127,10.713889,10.461246,7.770595,10.14851
c-18,2.734579,0.6988867,4.9468737,3.412829,5.1038775,3.9804025,4.243729,1.0773383,7.273204,2.0579064,10.606606,2.5728996,7.1196647,4.510259,8.289287,9.251703,10.423282,10.376462,7.0863137,10.124984
c-19,3.2653725,1.0636197,5.3106003,3.8419297,4.870422,4.448824,3.702822,0.97657716,7.3327374,1.494462,10.534826,2.189324,7.452394,4.6930914,8.366937,9.146345,10.675374,10.503551,7.4056478,10.005982
d-0,0.528271,3.4003756,2.3311281,5.0135283,0.90478504,4.183028,2.2813945,7.143793,-1.7058553,5.4811482,-0.061260886,6.730275,-0.63148916,11.8309355,-1.5596905,11.430705,0.9881502,16.185625,6.6677685,23.862373
d-1,0.882312,3.56156,2.6957633,5.1931458,1.1333631,4.2816453,2.0395467,7.0413566,-1.4081123,5.4557405,-0.033338413,6.2745485,-0.81542116,11.804563,-1.3788284,11.219958,0.9838061,15.957881,6.2720594,23.991142
d-2,1.6432376,2.5259,2.8301623,4.620332,1.5874473,3.9521868,3.0600846,6.873308,-1.3320075,5.201597,0.042325594,6.3025393,-0.44737288,11.444195,-0.8348386,11.071002,0.9280266,15.951357,6.4261765,24.054216
d-3,2.0644445,1.4898684,3.7398372,3.4309413,3.617882,3.6496015,3.4553921,6.01637,-1.0960152,5.2404613,0.32375878,6.4413247,-0.48195368,11.897156,-0.98076123,11.262956,1.2055724,15.796172,6.47383,24.395548
d-4,-1.1745677,2.552474,2.0162888,4.4179773,0.7872207,3.5128782,2.7908745,7.1073794,-1.6769345,5.750616,-0.41854954,6.67293,-0.635748,11.872941,-1.2035154,11.479766,1.0707703,15.700246,6.450405,23.979748
d-5,-0.9388733,2.7100525,2.1447613,4.501623,0.65487933,3.715353,2.939096,7.2019863,-1.3179737,5.513529,-0.45144477,6.520377,-0.82896847,11.993421,-1.1157391,11.127222,0.858805,15.679774,6.2162333,24.243713
d-6,-0.8651653,2.50363,1.7968713,4.6813693,0.85555077,3.6641,2.5157142,6.9068413,-1.4733135,5.2050586,-0.21781214,6.760092,-0.7835656,11.889438,-1.5277656,11.1726675,0.77344525,15.954721,6.063908,24.061468
d-7,2.2960575,0.5408239,4.1713595,3.225405,4.0955334,3.2371156,3.3383265,5.3168993,3.391111,5.028577,0.53461665,6.379347,-0.4154472,11.119572,-1.0641639,11.0253935,1.2621498,15.793432,6.565842,24.244385
d-8,1.0586113,2.6303124,2.6477,4.663822,1.168036,4.11719,2.3050897,6.8653107,-1.1358708,5.38578,-0.10680398,6.295517,-0.53929895,11.736779,-1.3197887,11.080265,0.9164871,15.686109,6.4644203,24.25343
d-9,-0.8891668,2.8364012,2.282295,4.481354,0.7822862,3.4458637,2.7312958,7.020143,-1.4800384,5.821996,-0.16351542,6.8462954,-0.70554096,11.627853,-1.2384486,11.001819,0.6441538,15.768171,5.851081,24.280132
d-10,0.41434443,4.4442534,4.167332,6.508192,0.8915726,5.422586,0.18975684,5.5274596,-1.7909706,6.1942716,-0.5996602,6.4919815,-0.8873722,11.819507,-1.5746773,11.348127,1.1390775,15.9338455,6.33429,23.7895
d-11,-0.55919707,3.1159472,2.0253549,4.2938585,0.97347844,3.5697427,2.5399358,7.164181,-1.8198749,5.639441,-0.11154197,6.896028,-0.7201511,11.493222,-1.2255012,11.090048,0.757561,15.842055,6.178651,24.454147
d-12,0.9070186,3.062206,2.6627033,4.9489584,1.3335459,3.897942,2.357508,7.2643914,-1.366662,5.090581,-0.044740956,6.4242043,-0.8234402,11.464773,-1.1559803,11.333897,1.2142375,15.506654,6.286983,24.132486
d-13,-1.0470297,2.6202924,2.1098537,4.3791313,0.9318112,3.461217,2.9363701,6.925664,-1.2486982,5.6055756,-0.37178698,6.513831,-0.7261802,11.822805,-1.1047584,11.279193,0.89511997,15.822873,6.1745434,23.95678
d-14,-0.7066015,2.767404,2.054972,4.2561665,1.0833429,3.4616244,2.5795786,7.040272,-1.8029126,5.402435,-0.2921617,6.506535,-0.689714,11.565367,-1.4488715,11.1637945,1.2280368,15.929715,6.214054,24.423841
d-15,1.5704677,2.9607348,3.2579334,5.160788,1.5057862,4.105911,2.4875207,6.9373593,-1.578772,5.505565,-0.154612,6.5121784,-0.48947802,11.635232,-1.4145453,11.295617,1.13661,15.825908,6.499811,24.142765
d-16,0.88960624,2.873592,2.5317745,4.7187514,1.2656263,3.899502,2.5968165,7.085758,-1.7492402,5.4376564,-0.08273639,6.559012,-0.71179545,11.592122,-1.2145576,11.113049,1.1017599,15.625535,6.3363056,24.15335
d-17,0.51874965,2.5596764,2.618305,4.3176875,1.2071877,3.7257166,2.3760037,7.036966,-1.3307197,5.3969083,-0.29196122,6.2092614,-0.6215817,11.610872,-1.0905621,11.258236,1.1902931,15.930405,6.2754917,24.375147
d-18,-0.22131607,0.3591836,1.0354915,3.064337,1.5620857,2.1810038,2.5789685,6.704596,-1.7832692,5.374648,0.0940262,6.660821,-0.82798475,11.493952,-1.2428184,11.554024,1.2445476,15.537782,6.1633153,24.46954
d-19,0.6772072,2.2483625,2.2698627,4.155281,1.3579785,3.5140355,2.4321313,6.805807,-1.6576326,5.3794417,-0.058503665,6.6172647,-0.49361816,11.45717,-1.3015945,11.483992,1.3188045,15.911875,6.505715,24.328754
e-0,2.123808,3.800124,3.6551409,5.702353,2.7317896,5.879874,-0.038676113,8.329886,2.7962046,10.389946,7.045946,18.074253,16.82018,17.295942,14.050552,16.748161,19.313934,10.696958,28.980091,13.554186
e-1,1.6306982,4.0398316,3.4834702,6.1287684,2.8927417,6.3770137,0.25591975,7.854672,3.0048804,10.3558,7.2996964,18.481216,16.634077,17.96899,14.227903,16.270811,19.693296,10.4658985,28.455238,13.382428
e-2,1.2494782,4.209349,3.2039065,6.5657525,2.4936407,6.889878,0.26987526,7.7176967,3.3588638,10.116697,7.0444174,18.602694,16.54233,17.582422,14.592866,16.473715,19.809967,10.514041,28.753023,13.8112545
e-3,2.1189396,3.3958216,3.3149853,5.377715,2.220337,5.3918667,0.35736874,8.341161,2.615753,10.030641,6.7072387,18.349188,16.927883,17.212637,14.369922,16.944984,19.313316,10.424337,29.139242,13.513335
e-4,0.96329087,2.0395274,3.2937222,3.3142061,3.085916,5.6381035,0.7327709,7.815492,3.4459126,9.541693,7.236308,18.114141,16.276392,17.826326,14.210801,16.341293,19.717323,10.847296,28.762075,13.590958
e-5,1.1692626,4.1990175,3.6198182,6.5677776,2.2810109,6.7913923,0.03763343,7.625927,3.0413904,9.756887,6.677856,18.594343,16.536806,17.451242,14.538812,16.758621,19.901718,10.096077,28.441908,13.665345
e-6,0.5365117,1.9353639,2.5579677,5.5714526,1.838478,6.6215396,0.4616755,7.3167157,3.1291232,9.5264,6.407129,18.314508,16.694017,17.624104,14.752185,16.712662,19.814512,10.708417,28.215979,13.926981
e-7,1.4530206,3.5357387,3.1958807,5.975464,2.9179199,6.180813,0.3848192,7.9801326,3.483385,10.255995,6.9362073,18.455406,16.375254,17.858854,14.164472,16.326197,19.681734,10.837447,28.845045,13.572932
e-8,1.6379145,4.233986,3.227094,6.327664,2.6715264,6.622692,-0.019379955,7.911069,3.214269,10.20856,7.1237226,18.663233,16.730062,17.881294,14.623442,16.401703,19.624414,10.258262,28.438822,13.486367
e-9,2.1451428,3.9918685,3.6198306,5.8741164,2.4850922,6.132293,0.25934017,8.166705,2.8959084,10.02197,6.816306,18.128069,16.934925,17.4463,13.949354,16.69431,19.368265,10.29656,28.85654,13.538943
e-10,0.5672138,4.289253,3.4843805,6.9308186,2.0366535,6.742338,-0.012218324,7.3093414,3.161547,9.659155,6.8882723,18.145746,16.618843,17.568813,14.515957,16.448437,19.946154,10.372591,28.28686,13.848432
e-11,1.5905514,3.946073,3.7188118,6.352571,2.5253124,6.4484534,0.30961668,7.9292874,3.0382764,10.156453,7.1922436,18.514069,16.889658,17.705656,14.149651,16.7744,19.490957,10.06975,28.623518,13.591862
e-12,0.84315217,4.398666,3.375887,6.781452,2.1713426,6.6283703,0.41581312,7.463808,3.280083,9.882348,6.7550936,18.6473,16.708271,17.62243,14.698558,16.641344,19.90466,10.477935,28.249607,13.808519
e-13,2.0173922,3.8799121,3.6516182,5.9455366,2.6683698,6.0586967,0.10869153,8.194968,3.082448,10.285846,6.9514923,18.3023,16.822517,17.357891,14.239747,16.89748,19.47113,10.214531,28.690453,13.404551
e-14,1.0558363,4.055505,3.2002025,6.6351013,2.3918898,6.5015354,0.5081411,7.753201,3.1856034,9.704981,7.0378575,18.22867,16.463299,17.771236,14.497002,16.593355,19.557796,10.673704,28.536055,13.812418
e-15,1.824795,3.864242,3.5413551,6.1533146,2.614005,6.4859858,0.0017793593,7.954992,3.3154607,10.129258,7.1140466,18.572296,16.93107,17.629358,14.154105,17.00081,19.683279,10.25799,28.656994,13.662722
e-16,1.6399992,3.9218948,3.3055248,5.9505363,2.5637887,6.403087,0.03763175,7.9158225,3.0619528,10.248028,6.9733815,18.597408,16.639456,17.872488,14.417535,16.52859,19.535797,10.209843,28.466318,13.617503
e-17,2.1243293,3.5568216,3.497233,5.558934,2.3342361,5.627534,0.33019298,8.242701,2.7356677,10.054778,6.7401567,18.444891,16.869514,17.36475,14.225557,16.86237,19.347912,10.307057,28.872097,13.640842
e-18,0.80395776,4.014446,3.2598512,6.6017094,2.1281526,6.6329036,0.1543153,7.625945,3.071734,10.001593,6.897099,18.744766,16.853409,17.933655,14.536647,16.481487,19.698858,10.405554,28.555777,13.928978
e-19,0.5054032,3.882522,3.3595896,6.8303223,1.9981235,6.6850996,0.22621502,7.4708085,3.318272,9.96566,6.741832,18.447163,16.788954,17.683098,14.522876,16.564268,19.857817,10.483744,28.49662,13.853098
f-0,0.032578196,-0.13776638,1.5477962,1.8886707,2.7963355,1.0143348,5.8797526,2.4069092,9.204983,6.935699,14.006921,4.42479,19.144125,3.238877,21.588835,2.1256018,20.472971,-0.5679461,19.53614,0.8987346
f-1,0.58450717,0.22306539,1.9331002,1.7433397,2.9885266,1.1846422,5.9127746,2.3824291,9.707318,6.714212,13.69224,4.713334,19.691593,3.1988401,21.745352,2.3434722,20.411045,-1.036229,19.459711,0.91292155
f-2,0.01633474,0.31733707,1.1170901,2.7732244,2.5693223,1.315672,6.0284452,2.7080865,9.737344,6.3724904,13.470534,4.66636,19.451626,2.8399217,21.31839,1.6774874,20.47397,-0.58929074,19.41321,1.1062219
f-3,0.24180329,0.04685278,1.730639,2.2757761,3.0363493,0.96023077,5.8302383,2.3570294,9.783548,6.6632986,14.156376,4.7594066,19.32789,3.425934,21.770706,2.1331842,20.060759,-0.7920503,19.54415,1.4425648
f-4,0.65811807,0.024695454,2.1408503,1.8678489,3.0496957,1.337635,5.5575976,2.6109595,9.325239,6.2109942,13.6890545,5.0499735,19.514486,3.024945,21.828024,1.6305103,20.137293,-1.0265871,19.654152,0.94397396
f-5,0.16976982,0.69201756,1.7319871,2.402292,2.3775454,1.2509649,6.0773096,2.6757014,9.952476,6.559936,13.654428,4.443051,19.375906,3.0088758,21.3843,2.0025284,20.455667,-0.7299179,19.222717,1.2806135
f-6,0.23948029,0.3462706,1.530059,2.2288022,2.8677027,0.98612016,5.822978,2.664591,9.686542,6.8487735,14.232911,4.590509,19.278416,3.409783,21.639341,1.8685344,20.273657,-0.9107725,19.52279,1.2514875
f-7,2.2244296,0.930622,3.5157337,3.7578735,2.9725287,2.0029793,5.8733244,2.9284563,9.106459,6.695345,13.9765215,5.196914,19.151373,2.935964,21.504313,1.8691549,20.139004,-0.70041823,19.734974,1.19545
f-8,0.90501153,0.9142349,2.5897663,2.6228974,3.1775315,1.709097,5.5334682,3.0601413,9.53189,6.9981933,13.6302805,4.4058347,19.595192,3.2390306,21.963964,2.1667912,19.814377,-0.9572185,19.43114,0.8554825
f-9,0.44115588,0.6042041,1.2890855,2.2800705,2.8090227,1.3198802,5.6612725,2.2031786,9.750434,6.634637,13.502478,4.4100747,18.962383,3.0694046,21.892113,2.0485737,20.3597,-0.91030866,19.374882,1.4653497
f-10,0.89358145,3.66711,3.0764186,2.296163,2.5628247,1.78701,5.6951923,2.9925373,9.431144,6.363557,13.563738,4.621629,19.149778,2.695402,21.39547,1.7865822,19.932161,-0.62981385,19.31971,1.062611
f-11,-0.019236734,-0.15141056,1.5922843,1.8152468,2.6518543,1.2238,6.170846,2.7343154,9.826458,6.894813,14.072241,4.6919065,19.4736,3.3859203,21.530914,1.9424534,20.611929,-0.8000964,19.482512,0.9639479
f-12,0.09103134,0.9840389,2.0117538,2.9768715,2.3928769,1.7095047,5.7835684,2.9047618,9.851418,6.867515,13.714249,4.7042947,19.63308,3.287659,21.440748,1.9034239,20.321102,-0.5489025,19.275877,0.96995646
f-13,0.26474437,0.44815376,1.4538747,2.17897,2.790111,1.0050685,6.041622,2.4720855,9.51389,6.858842,14.047993,4.911625,19.186916,3.338238,21.694027,2.0704076,20.180437,-0.7841262,19.618525,1.2292421
f-14,0.86190474,-0.46861956,1.0928236,2.0201557,3.223964,1.0017843,5.7354712,2.2877517,9.45521,6.4305396,13.980607,4.5495615,19.288336,2.9624522,21.758314,1.9018303,20.146164,-0.73738813,19.536844,1.3622156
f-15,0.80627793,0.19623223,2.1511695,2.2749536,3.377245,1.4601595,5.385218,2.4721644,9.27752,6.52491,13.536568,5.01704,19.000761,3.2734408,21.672888,1.614928,20.218739,-0.41346446,19.876001,1.169222
f-16,0.49311507,-0.096189156,1.9187143,2.0871124,3.131053,1.1008754,5.711404,2.6306808,9.359117,6.5404477,14.011531,4.863228,19.30218,3.1071942,21.826939,1.7257091,19.952492,-0.62989765,19.700068,1.3112608
f-17,0.24466696,0.37280998,1.290125,2.2763317,2.5263512,0.9005593,5.9439588,2.316943,9.520288,6.8482513,14.045235,4.7918487,19.039997,3.2126114,21.992609,1.9525709,20.40805,-0.7393877,19.229149,1.0931567
f-18,2.7655115,2.6663687,2.0682259,1.6995664,2.9714682,1.381939,5.8809323,2.3138454,9.582452,6.7896914,13.933604,4.8184214,19.267399,3.2415333,21.699697,2.2096946,20.453066,-0.9050768,19.730766,0.9692235
f-19,0.37525153,0.16449583,1.4040027,2.048243,2.7395954,1.0477748,5.63352,2.4402297,9.494802,6.6065903,13.860609,4.8555307,19.097565,3.181907,21.769873,1.9195683,20.14999,-0.66035587,19.619371,1.2805817
g-0,0.59138715,4.7401233,3.8898091,7.8529577,0.4071568,6.464145,-0.96531415,6.498702,-3.194595,11.5574665,-4.3838563,16.85311,-8.262367,16.166813,-9.521256,22.213053,-13.068442,20.469751,-21.53415,21.657124
g-1,0.024562456,4.624504,4.2874393,7.380732,0.18988231,6.2516375,-0.54280007,5.8566384,-3.2573495,11.594234,-4.516258,16.308313,-8.119228,15.928242,-10.121167,22.251322,-12.075308,20.319132,-21.227598,21.335363
g-2,0.15306395,4.416154,4.087591,7.8040166,0.40455085,6.482614,-1.0230628,6.567336,-3.097513,11.427534,-4.2576375,16.624468,-8.383657,15.978315,-9.26988,22.34225,-12.977297,21.029364,-21.57604,21.293278
g-3,0.00937843,4.4716296,4.101681,7.093117,0.2393658,5.9465055,-0.48233828,5.9009523,-3.1767666,10.902112,-4.8072057,16.516392,-7.9578223,15.721917,-9.895213,22.49986,-12.299203,20.419346,-20.970669,21.604967
g-4,-0.15310143,4.842828,4.515275,7.3201346,0.101820424,6.586399,-0.60229886,5.8525267,-2.9885726,10.819564,-4.527985,17.01089,-8.084672,15.485336,-10.1519375,22.245241,-12.389357,21.0521,-20.91737,21.19077
g-5,-0.05287579,4.90593,4.3958454,7.3116693,0.5405036,6.084006,-0.4263169,5.855085,-3.0906162,10.9505625,-4.8160143,16.748632,-7.9373927,15.963484,-9.828165,22.641178,-12.3139715,20.546286,-20.944735,21.498648
g-6,0.58249193,4.708066,3.7346168,7.695552,0.39225382,6.4511337,-0.7647861,6.39575,-3.0792763,11.320776,-4.477179,16.685078,-8.161495,16.079464,-9.765529,22.424448,-12.546905,20.410454,-21.246595,21.76747
g-7,0.032547202,4.934768,3.9800217,7.455598,0.39601496,6.610226,-0.5384599,5.98832,-3.4062986,11.043775,-4.817365,16.795513,-8.037659,15.837252,-9.940134,22.470037,-12.5521965,20.886057,-21.095057,21.501688
g-8,-0.16936703,4.0692105,4.416405,7.8318257,-0.058020715,6.6988144,-1.0135373,6.086739,-3.070193,11.731155,-4.43847,16.478704,-8.305111,15.668271,-9.468528,22.30197,-12.965313,20.943388,-21.412859,21.210705
g-9,0.70528543,4.392459,3.6160753,7.1877456,0.69059914,6.3453827,-0.7419673,6.4133725,-3.2763503,11.1132555,-4.410807,16.91236,-8.148501,16.058907,-9.3594475,22.470087,-12.55094,20.920551,-21.244995,21.628002
g-10,2.025979,3.0399783,4.3547564,5.3593073,1.0408157,5.9684625,-0.5209234,5.422081,-3.1243684,11.182051,-4.910438,16.321571,-7.996187,15.985636,-9.444494,22.404615,-12.446709,20.394245,-21.245516,21.65418
g-11,0.13540821,5.0169306,4.0339804,7.273099,0.7064762,6.4871435,-0.5935194,6.1033816,-3.192424,10.864839,-4.655211,16.880877,-7.947973,15.831551,-9.841782,22.36626,-12.37913,20.841608,-21.021894,21.452583
g-12,-0.38459083,4.559624,4.5030828,7.6615677,-0.045476902,6.3401484,-0.73791814,5.720185,-2.960429,11.125749,-4.9102306,16.715265,-8.282834,15.48362,-9.789378,22.804653,-12.400406,20.776953,-21.094677,21.125433
g-13,0.47157812,4.8464546,4.2106256,7.569139,0.6203629,6.5686946,-0.8522832,5.852007,-3.0524294,11.381873,-4.5901303,16.584295,-7.7946734,15.901792,-9.789587,22.208847,-12.817918,20.56191,-21.358973,21.693464
g-14,0.29929706,4.86856,4.1284757,7.873207,0.23325935,6.700531,-0.9127242,5.955386,-3.181196,11.503375,-4.643908,16.398243,-7.8838153,15.586773,-9.93083,22.504824,-12.810479,20.508003,-21.49295,21.416542
g-15,-0.35268247,4.5087786,4.635105,7.5126157,0.019656425,6.3496823,-0.5092029,5.927147,-2.9380198,10.998071,-4.7899895,16.584066,-8.167217,15.5913725,-9.84772,22.776842,-12.290817,20.663319,-21.11516,21.13793
g-16,0.76558137,4.548667,3.7391527,7.6946106,0.8743171,6.5230136,-0.7914991,6.2992325,-3.070894,11.514512,-4.4024043,16.898512,-8.223645,16.09557,-9.72043,22.267794,-12.933574,20.65735,-21.30488,21.682823
g-17,0.028845951,4.8973064,4.2930875,7.6981225,0.29027066,6.5101953,-0.74500716,6.1609054,-3.0024223,11.496168,-4.676987,16.503122,-8.153858,15.585884,-10.079006,22.404598,-12.460012,20.763498,-21.473494,21.296629
g-18,-0.36678246,3.6892788,4.4685,7.328169,-0.18793906,6.09902,-0.77909845,5.738058,-3.4469543,11.306664,-4.729369,16.313871,-8.130431,15.62725,-9.6663885,22.548264,-12.435203,20.651646,-21.310837,21.210321
g-19,-0.15175235,4.032068,4.46324,7.7057204,-0.08656973,6.4747496,-1.0207512,5.9225698,-3.043928,11.659415,-4.732856,16.293518,-8.3043995,15.686652,-9.679037,22.480246,-12.765834,20.72248,-21.262861,21.22095
h-0,2.6770816,2.5894432,4.1253495,4.808966,2.5323007,4.3344855,1.4119313,4.09399,-0.025384746,7.796431,-5.1983266,6.7368493,-6.0029774,7.619237,-10.721181,7.735961,-19.572151,11.747121,-20.682947,10.214019
h-1,2.3019087,2.991083,3.883673,5.0160832,2.0842378,4.597293,1.4265261,3.880635,-0.15221801,7.7214613,-5.7687116,7.0391154,-6.2349358,7.031874,-10.892982,7.918221,-19.399479,11.823455,-20.624363,10.117288
h-2,2.5330722,2.5362895,4.2584734,5.184964,2.3057156,4.9480844,1.4303812,4.205429,-0.31327155,8.112394,-5.9167185,7.066765,-6.019056,7.2847776,-10.325273,7.883424,-20.012978,12.084725,-20.580595,10.504682
h-3,2.08015,2.687425,3.534576,4.797667,1.800425,4.8161945,1.3334521,4.0982156,-0.28314015,7.9433503,-5.3277555,6.8507953,-6.233995,7.3131843,-10.607442,7.5964675,-19.560776,11.66109,-20.879265,10.3344965
h-4,0.53886276,1.4319513,2.7574472,3.5639572,2.483632,2.821111,2.131353,3.537054,0.18799242,7.3877487,-5.6361165,6.97737,-6.449537,7.1892757,-10.324412,7.756082,-19.526249,11.933915,-20.497026,9.829644
h-5,2.192314,2.8372276,3.6611996,4.9856834,2.0731442,4.8300343,1.3001214,4.0963044,-0.33664507,7.8649507,-5.3899326,6.8201704,-6.3170137,7.4531937,-10.872745,7.5998993,-19.286825,11.646854,-20.94848,10.41676
h-6,2.377198,2.7240183,3.7837033,4.890349,2.1442583,4.76171,1.2422411,3.921929,-0.24034013,8.019511,-5.3747582,6.8814263,-6.283918,7.6604705,-10.470378,7.5391912,-19.710947,11.626896,-20.93037,10.392307
h-7,2.449195,2.2069225,3.8481512,4.426567,2.5978818,4.4863462,1.7976301,3.901917,0.17199363,7.9867425,-5.473082,7.268278,-6.6058545,7.5290413,-10.716244,8.063838,-19.497797,12.288929,-21.049442,10.0422125
h-8,2.1620152,1.9181471,3.4912493,4.1398635,2.3794823,4.0445666,1.752993,3.6300142,0.129389,7.401869,-5.6862416,7.2429357,-6.729161,7.142606,-10.40838,8.08204,-19.36249,12.057837,-20.697145,9.952968
h-9,2.2800121,2.213292,3.7839055,4.194574,2.2744863,4.3982787,1.6306616,3.6845121,0.021785699,7.4470944,-5.776831,7.122805,-6.5844226,7.1008277,-10.458316,8.252988,-19.66581,11.986025,-20.645882,10.195573
h-10,2.7234273,2.3582375,3.9049318,4.4048285,2.7861617,4.597973,1.8529484,3.9757802,0.09470074,7.972103,-5.358018,7.45134,-6.3983827,7.528354,-10.7119665,7.813848,-19.715458,12.258194,-20.667747,10.353672
h-11,2.5607827,2.5752673,3.8472152,4.6619244,2.3359678,4.5520706,1.6191288,3.8085139,0.08715477,7.7960286,-5.633297,7.2938247,-6.0679097,7.3348727,-10.643849,7.900825,-20.04084,12.005119,-20.580795,10.303373
h-12,0.25372535,1.1952596,2.1758237,3.4783494,1.8769238,2.8809083,1.9071971,3.4170842,-0.14883249,7.5413947,-5.6360884,7.136862,-6.222355,7.091884,-10.783875,7.637491,-19.744452,11.990424,-20.797813,10.057127
h-13,2.8583908,2.049611,4.4656644,4.75604,3.0654838,4.712713,1.9191593,4.2544084,0.0078024077,8.274094,-5.5121293,7.449086,-6.1494317,7.450642,-10.84266,7.921135,-19.69965,12.3594265,-20.70207,10.675174
h-14,0.94705194,4.304106,4.0525107,6.121284,1.5295532,5.149235,0.9670653,4.568686,-0.44664317,7.7556515,-5.8665423,6.965597,-6.317982,7.1658564,-10.626707,7.9104686,-19.406258,11.890872,-20.704521,10.181733
h-15,1.5899528,2.3464375,3.230515,4.5615335,2.1368413,4.2328606,1.5641543,4.498927,-0.49423775,7.761402,-5.592875,6.76534,-6.0650477,7.622177,-10.651539,7.9084187,-19.590763,11.738969,-20.962952,10.161435
h-16,1.9377687,2.627687,3.6552186,4.699015,2.112253,4.5912414,1.4356618,4.331042,-0.35439292,7.9217587,-5.3784704,7.0881023,-6.3343673,7.4437118,-10.776039,7.850441,-19.583483,11.929952,-21.017275,10.404171
h-17,2.2637813,2.0774944,3.9692304,4.18932,2.509047,4.538561,1.447005,3.7906015,-0.17885178,7.68932,-5.7527514,7.176781,-6.6878257,7.3300657,-10.52077,8.051399,-19.33462,12.098068,-20.854446,9.991604
h-18,3.1419914,2.0488303,4.5917125,4.730288,3.143752,4.630146,1.786755,4.042306,-0.026178863,8.153744,-5.679093,7.3855534,-5.9711695,7.424925,-10.719084,7.8229475,-19.582827,12.328184,-20.60765,10.503619
h-19,0.021075303,1.316337,1.9045178,3.2436597,2.0348399,2.5132594,2.0565443,3.383167,0.24478905,7.406401,-5.736521,6.9607463,-6.349599,7.1963573,-10.525837,8.072381,-19.60884,11.892052,-20.759245,10.048642
i-0,2.4051077,0.761971,4.9092207,3.1715329,5.180385,3.5592725,4.1083193,2.6280417,6.985463,3.1585658,6.052913,5.93187,14.084159,7.838944,11.428687,4.551767,11.896601,-1.2682737,13.9028845,-0.37988237
i-1,1.8373034,-0.2172315,5.3198566,2.3307204,5.2606983,2.8465724,4.0410347,3.0947266,6.6840663,3.4491394,5.9925547,5.3864455,13.921897,7.9150167,11.835966,4.6642003,11.929816,-1.4601116,13.554513,-0.56913674
i-2,2.1750512,-0.68044746,5.1280303,2.3314085,5.098907,2.5368962,3.8648622,3.2987957,7.048114,3.318767,6.4016066,5.908386,14.360015,8.188004,11.561458,4.184199,11.164279,-1.107825,14.118022,0.041980088
i-3,1.5654866,2.2751274,4.0330434,3.1649365,4.1735444,2.795177,3.65432,3.894743,6.5218472,4.154931,6.6990895,6.037544,14.301699,8.477604,11.941437,4.389169,11.406585,-1.2742684,13.845057,0.043761928
i-4,2.049791,-0.24751668,4.671406,2.3437843,4.990748,2.8429465,3.5325003,3.6083717,6.910162,3.9378958,6.158949,5.446176,13.751388,8.297533,11.962553,4.0918007,11.430602,-1.1704488,14.204656,-0.15960036
i-5,1.9036746,1.2604922,4.090283,2.640558,4.0906773,2.656504,3.9349377,3.7711954,6.649316,3.9983351,6.402915,5.907478,14.043045,8.18621,11.604489,4.481449,11.575321,-1.441301,13.524907,-0.19837415
i-6,2.0038319,-0.46734127,4.850313,2.6400113,4.988441,2.8502676,3.8717132,3.3247013,7.0117273,3.622982,6.128979,5.721835,13.96081,8.023577,11.87625,4.208385,11.575001,-1.1560353,14.142556,-0.18287982
i-7,1.9181901,-0.6676268,4.6458,2.0831082,5.046617,2.3915083,4.03776,3.385898,6.709506,3.6292605,6.253559,5.7496037,13.928624,8.167445,11.545044,4.588576,11.779564,-1.4392296,13.633965,-0.5079409
i-8,1.7922337,-0.5340199,4.5004826,2.0160866,4.7004623,2.5484533,3.4185753,3.5702477,7.0282297,3.6905878,6.662626,5.7214813,14.073794,8.354207,11.914921,4.438339,11.569883,-1.6020644,13.743429,-0.106240325
i-9,0.30322695,1.160926,1.9494135,3.5744026,2.530144,2.9584756,3.3748376,3.7935557,6.5350623,4.1345353,6.1793704,5.564565,13.922157,8.181567,11.951574,4.20798,11.661378,-1.431158,13.810543,-0.012949884
i-10,2.062295,-0.56071687,4.930446,2.4545178,4.98216,2.8523839,3.7649024,3.3966281,6.9283056,3.8372889,6.19861,5.5431046,14.249572,8.32591,11.5312,4.0547595,11.352729,-1.3830633,13.979723,-0.31320116
i-11,2.5870748,0.24976802,5.348421,2.8922844,5.1771293,3.2987754,4.042814,2.7778738,7.334726,3.510341,6.210617,5.395721,13.707953,7.7909117,11.405372,4.530066,11.991692,-1.2080973,13.889779,-0.62452775
i-12,0.7087674,0.26847684,2.178641,2.3405137,3.2347875,1.3728453,5.018809,2.3816795,9.100265,6.251821,12.9499855,4.7455573,14.238253,7.8027387,12.034411,4.6070933,11.778532,-1.1278741,14.126642,-0.453241
i-13,1.7329171,-0.65107,4.2099237,2.111933,4.5606847,2.4257443,4.010199,3.6069613,6.7835045,3.471131,6.6352296,5.828617,13.881528,8.315829,11.627139,4.375246,11.636336,-1.4905893,13.847028,-0.45787457
i-14,2.367166,0.27277297,4.6468935,2.9642189,4.4517083,3.0508552,3.4052718,3.691124,6.7140055,3.9481962,6.503047,5.805975,14.027096,8.537362,12.0405245,4.174576,11.567127,-1.399395,13.854497,-0.14080979
i-15,2.6806402,0.3704182,5.1748877,3.031257,5.143474,3.3934238,4.089346,2.8440523,7.286327,3.2215047,5.969208,5.2755256,14.226933,8.0374975,11.792467,4.071268,12.015254,-1.3636005,13.917554,-0.40234587
i-16,2.3429868,-0.7305855,4.6479683,2.2337148,5.1002355,2.6683476,4.107083,3.4342387,6.931452,3.4645529,6.3442864,5.6080947,13.747626,7.884109,11.580217,4.4329543,11.69096,-1.2083322,13.681831,-0.6479581
i-17,2.0354655,-0.71786374,4.651671,2.1707325,4.708198,2.4327958,3.6412625,3.5151656,6.690779,3.6412163,6.4564166,5.7460246,14.066889,8.089669,11.539733,4.424038,11.627671,-1.5519156,13.765528,-0.29457527
i-18,2.1072516,-0.4433608,4.5453787,2.0960262,4.9012,2.675878,3.5008094,3.5043743,6.912732,3.9208062,6.498116,5.6737685,13.9920225,8.252799,12.096329,4.397698,11.412412,-1.3566227,14.09055,-0.2661216
i-19,2.268603,-0.4829039,5.142729,2.3558252,5.2000895,2.7378287,4.073415,3.232977,7.0621977,3.4061005,6.2655663,5.5051174,13.966154,8.008202,11.512361,4.442393,11.985476,-1.0511191,13.783861,-0.4153755
j-0,-0.2793611,1.7536511,0.7558773,4.814172,-1.239178,2.9295092,0.5253502,2.357908,3.2550628,2.1390758,3.6426654,1.2822392,5.429133,-1.5396595,3.9782906,0.82601005,0.600049,-1.0925639,6.0134006,-1.0350363
j-1,-0.33829558,2.2875466,1.0842952,5.0968823,-1.388568,3.218324,0.03417611,2.6074317,3.3356733,2.3180425,3.9234128,1.42594,5.814714,-1.243978,4.3797045,0.30330175,0.88297105,-0.82773036,6.7054415,-1.148893
j-2,-0.086033076,2.4963703,1.1118942,5.5369573,-1.2002048,3.5066779,0.38318694,2.0288298,3.918306,2.0791187,3.856976,1.601059,6.133245,-1.4752567,3.7831168,0.7085202,0.5155155,-0.620852,5.972883,-1.2917604
j-3,0.14462315,2.8528824,0.8094967,5.361932,-1.6027279,2.9454193,-0.12014145,2.3054738,3.8883066,1.841037,3.3369102,1.5915127,5.2780523,-1.541359,3.948095,0.321359,-0.014879012,-0.9299919,6.1950197,-0.86394477
j-4,0.64702684,1.2771668,1.8469223,5.431889,-1.7592227,3.5594478,0.4280583,1.8477552,3.5601475,2.560752,3.653236,1.9206347,5.5390277,-1.0444645,4.1170506,0.09479297,0.08493881,-1.1235864,6.4816685,-1.0848866
j-5,-0.17668366,1.2852826,1.2357799,4.413211,-0.6595485,3.0577343,0.43593374,2.5431347,3.151953,2.264273,3.9751568,1.9240223,5.5486207,-1.2707105,4.170652,0.623639,0.6592542,-0.8580735,6.575045,-0.7633525
j-6,-0.27586728,2.4316754,1.0497751,5.455111,-0.7664397,3.3688686,0.40812442,2.2161584,4.071901,2.3783586,3.9137716,1.5827515,6.087589,-1.3881115,4.17914,0.8527575,0.573604,-0.61782986,5.91862,-1.4824767
j-7,2.1701424,0.4389799,4.302316,3.435488,4.2599273,3.1874912,3.2459905,4.3811116,3.7053432,4.7661858,3.6957285,2.6783922,5.9317613,-1.0349206,4.3838887,0.24860859,0.03143446,-0.93505496,6.4899282,-0.8790182
j-8,0.22403838,2.8439813,1.3288265,5.644409,-1.762915,3.1608093,-0.22891499,2.2030318,3.5778391,2.135632,3.2415352,1.742479,5.517542,-1.3288845,3.8295228,0.58985794,-0.048679307,-0.7124127,6.473499,-0.8019701
j-9,0.079117395,2.088124,0.99466056,5.126856,-1.563212,3.2368724,0.008541116,2.603551,3.611068,2.5258808,3.6276712,1.2646025,5.6618996,-1.4487035,4.0977626,0.47524264,0.25155285,-0.6636754,6.492918,-1.2489455
j-10,0.12105086,3.051543,0.850977,5.2556334,-1.0051394,3.1597533,0.11933399,2.2124813,3.82998,1.9521477,3.692555,1.7374918,5.5302787,-1.6288185,4.262753,0.39327776,0.01675514,-0.8363412,6.300381,-1.2460228
j-11,-0.123012654,1.9818351,0.9658912,5.3300323,-1.4545273,3.1040425,-0.015658515,2.301551,3.575996,2.1773753,3.59517,1.5025465,5.444521,-1.4493016,3.9250104,0.6959479,0.28849643,-0.65698224,6.3794804,-0.89311343
j-12,-0.42085606,2.1088822,0.8126612,5.218247,-0.70514905,3.2637959,0.37856352,2.5340204,3.9373548,2.369289,3.9476411,1.319513,5.9354625,-1.436938,4.033595,0.9116141,0.51908153,-0.60438395,6.2391124,-1.4944261
j-13,-0.5157051,2.247367,1.1491255,5.205073,-0.5455522,3.2121735,0.5601188,2.1358757,4.061225,2.3011906,3.8854535,1.8027881,5.9758787,-1.3357396,4.4833746,0.5810174,0.58676803,-0.6923004,5.975714,-1.433765
j-14,-0.19717324,1.4368,1.4460149,4.7759376,-1.01739,3.19799,0.11044099,2.5326488,3.5302634,2.491512,3.7334523,1.9003258,5.4593506,-1.5300717,4.249966,0.63439417,0.30245543,-0.8315158,6.4895854,-1.3235697
j-15,0.7026053,3.2030768,2.024833,5.830712,-1.6218292,3.5320034,0.18681891,2.453792,3.682114,2.415114,3.374091,1.5888603,5.6305933,-1.3169816,4.081494,0.45838723,0.15167345,-0.9699028,6.370553,-0.9768425
j-16,-0.053934775,2.3642235,1.2484801,5.5939503,-1.4311974,3.223425,0.00631186,2.3615396,3.5479934,2.3061914,3.706562,1.5219296,5.9112573,-1.1198975,3.8950245,0.5904305,0.33472842,-0.85194004,6.2187037,-1.0500643
j-17,-0.26472875,2.4866042,1.1020697,5.4091363,-1.1019651,3.3557732,0.24236178,2.0905716,3.756481,2.5153403,3.9403977,1.6405135,5.9982395,-1.2870579,4.352805,0.6330168,0.5005909,-0.65515,6.0107684,-1.2421352
j-18,0.2801469,2.1345496,1.6001556,5.606519,-1.6166421,3.5369503,0.034693092,2.1525924,3.779254,2.2051136,3.429124,1.3260201,5.5681405,-1.1395718,4.179673,0.29445738,0.28292647,-1.0003554,6.266714,-1.1792387
j-19,-0.26539317,1.8896363,0.88684106,4.8116846,-1.2482921,3.1310048,0.38055068,2.2268143,3.366713,2.0125647,3.9085429,1.4788046,5.8242846,-1.2881464,4.0991626,0.72608995,0.60274696,-0.9993562,6.3665934,-0.85377496
