id,t0d0,t0d1,t1d0,t1d1,t2d0,t2d1,t3d0,t3d1,t4d0,t4d1,t5d0,t5d1,t6d0,t6d1,t7d0,t7d1,t8d0,t8d1,t9d0,t9d1,t10d0,t10d1,t11d0,t11d1,t12d0,t12d1,t13d0,t13d1,t14d0,t14d1,t15d0,t15d1,t16d0,t16d1,t17d0,t17d1,t18d0,t18d1,t19d0,t19d1,t20d0,t20d1,t21d0,t21d1,t22d0,t22d1,t23d0,t23d1,t24d0,t24d1,t25d0,t25d1,t26d0,t26d1,t27d0,t27d1,t28d0,t28d1,t29d0,t29d1
200^60000^sgd-0,0.92871080461171,1.172613740122596,0.6586802121462328,0.9088770199731359,0.761753884827039,0.8265162081499722,0.5712721306570627,0.8567909862023861,0.6496341943604881,0.8107453171661794,0.840501217382732,0.6647402002123884,0.8907613754601453,0.6183258125399337,0.8811249313202782,0.5766342856879417,0.9939811578429546,0.530448986159513,0.962863028336549,0.38879908680561986,0.9570022050387972,0.3029044683152304,1.0037809440140617,0.24448917538274242,1.114995079285895,0.2371398926294303,1.1461968731905294,0.24695909509636876,1.0553631725920725,0.2014558506392699,0.9074092824318238,0.22437721207610314,1.0177696436406916,0.13949129304832203,0.832608154763922,0.01739137272138945,0.9866890983889515,-0.024868766027622762,1.092205599202151,-0.043241538299627326,1.118921607722324,0.09148790161490375,1.1035355073236288,0.04971632598963482,1.3904490802169525,0.022123088356395808,1.256001344731661,-0.024156682142570666,1.226978768143669,-0.049303290803355736,0.9653061599798705,0.05252364540082628,0.9562939914955813,0.0696066994303475,1.1101142312932992,0.0938075463153273,0.9781869348549593,0.031694238748110344,0.3940261563635041,0.3702370205627973
200^60000^sgd-1,0.0013843134369164,-2.9194154410245226,-0.14808382700240058,-2.5443554872971124,-0.21295065841400956,-1.8241114033249735,-0.35195567944078054,-1.6749599589878263,-0.6928467587538745,-1.8966101017867543,-0.8347149225608141,-1.7350587192735512,-1.1253308219840756,-1.9414836784074494,-1.1883438765320156,-1.6548385167839874,-1.369689067743697,-1.6951320546273592,-1.5069841993984654,-1.6655496228751707,-1.4220671719348672,-1.4364906300847753,-1.455822202986976,-1.3142616103257734,-1.4195541292722722,-0.9804502012418765,-1.3263959567931154,-0.9027698560956633,-1.4844860099971207,-0.9446835214921488,-1.3950058523047495,-0.4151281845508555,-1.5719189052278761,-0.8784125089523712,-1.5569815549290198,-0.023243401233137645,-1.5480097682669833,0.09083751401353711,-1.6796616350492852,0.37541560076561553,-1.6216922548044792,0.4264213254353727,-1.8216035979453549,-0.21749267940829786,-1.673501528101267,0.22860150153822564,-1.9047232040254505,-0.771244419862289,-1.8846375507457873,-0.7107244174905945,-1.8922567839198827,-0.9192676022183678,-1.8277325520366097,-0.8736185015880754,-1.7572565586319533,-0.8106965257757393,-1.9407134473072292,-0.9026389429277083,-0.6645442242285096,-0.7414229146785103
200^60000^sgd-2,-1.8125238819431133,-2.6521440252581026,-1.4676856162230756,-2.0729031547702643,-1.1925419240423378,-1.3264210653940107,-1.1274110115232066,-1.118187194206161,-1.3011298105055609,-1.123062654204516,-1.8171656289721487,-1.108080002385777,-2.045197610173187,-1.1439076496407188,-2.2980618576797083,-0.9690653545600634,-2.1214530344904414,-0.7531989884604642,-2.051580294728453,-0.5807955951103215,-1.9446030958701013,-0.4811846544044751,-1.9833050261011889,-0.3038070113428429,-1.9669148548329578,-0.3151216648186187,-2.0382721024679693,-0.23041075644317668,-1.9763660853352387,-0.11306657275790596,-2.2160264385498145,-0.19197136438949922,-2.1674518562007954,-0.1015325780711515,-2.083493546084041,-0.29204682212841154,-2.279791328251203,-0.1107086319402261,-1.3807241641038395,-0.5464216300398829,-1.4376689435560128,-0.4950423373630732,-1.584896943478208,-0.5362740090340695,-2.0310552487280664,-0.3484902000001383,-2.518165718177445,0.07559145806915428,-2.4432766834814648,0.13156694458476273,-2.2048465838489384,0.05039871545212047,-1.7770495056445472,0.10611958362018954,-1.6286828858162867,0.02311973845544811,-1.8768721259937116,0.12082917112098823,-0.6359113831075023,0.8155976303379042
200^60000^sgd-3,-1.5243351646855088,-2.8585044668969743,-1.2737718963576083,-2.2786782510352483,-1.0745515198844742,-1.6318325417653095,-0.9468190447774416,-1.2514961298135103,-1.4805878291820336,-1.5151284300387398,-1.8227956593714545,-1.5082812135843482,-1.8960867130946757,-1.3336507259863537,-2.035035310078527,-1.2285481656391566,-2.005502775736575,-1.0239501928458834,-1.9609076911563397,-0.8625178733222679,-2.0149790094400823,-0.7534358523117128,-1.7704107068114532,-0.5614737088234554,-1.9090560985855194,-0.4863080998002805,-1.9844022323665573,-0.34805827740952716,-2.102200321032024,-0.3290167380821391,-2.160639079519339,-0.3256119094209149,-2.156496294515359,-0.28832227859891363,-1.9490240274196353,-0.47012865321869135,-1.9621195143462298,-0.3717330818680555,-1.6602907872838708,-0.4520961403610706,-2.0711398531096825,-0.37934587549990306,-2.1066537359886666,-0.1628511153677352,-2.4454131839860502,-0.34885760363451856,-2.5544184183181176,-0.1999208045257754,-2.5733242401574192,-0.2511370389596759,-2.2406131804506906,-0.17211920830857877,-1.836164826936425,-0.10517515161172607,-1.882217271912287,-0.1122756039978396,-2.185800918004441,-0.13617896092386525,-1.3968273191152218,0.03444805577198181
200^60000^sgd-4,-0.33027784693855067,-2.241956364282385,-0.402364623957456,-1.6454367685512372,-0.45959401015399903,-1.0379299076109851,-0.5320466144877675,-1.036932266350017,-0.8560158040789746,-1.0922697568791655,-0.9444279340678413,-1.0849273395805887,-1.0647585696560662,-0.5632564426791308,-1.0870812046691534,-0.545214089610913,-1.0547207638019662,-0.5836103782552972,-1.1047201080806965,-0.5535120959270993,-1.0151691485439267,-0.17101657211615848,-1.2794682574924423,-0.07459827352499404,-1.2047506865441953,-0.04179323524681866,-1.1552046640121667,-0.13597196679102833,-1.3577637946001555,-0.10667591361355838,-1.238868308308066,0.07444392729651172,-1.4541750041204227,-0.005206111476372569,-1.526463642775209,0.12366904340312328,-1.3742036670986644,0.15647804329985515,-1.6001800977098717,0.3806248145292645,-1.6425966555444007,0.326931095892756,-1.5038574331919503,0.4684671159828387,-1.4302921560152377,0.46206635690353115,-1.2293679922172096,0.3110140420401595,-1.332987882468778,0.2137561187364089,-1.2852485414055248,0.03634075555197964,-1.2621334049088735,0.05068346673355516,-1.1922487252829002,-0.02701167169112675,-1.4253101398455046,-0.2454338084745403,-0.6797393841513408,-1.3003419085263617
200^60000^sgd-5,-1.9642732179487603,-3.929128614748187,-1.8691430118589258,-3.1125706736710765,-1.5383836137366251,-2.2741479556620896,-1.5476777276098264,-1.923031956513436,-2.007102179665142,-2.0954522582836015,-2.411585027773742,-2.051108773947885,-2.609632142626824,-1.7930084511271176,-2.7674588123632384,-1.6488280119186975,-2.7091576941645403,-1.3546312636341427,-2.7558773041981564,-1.2511365349549386,-2.8529786950248393,-1.165704349701986,-2.666799044027318,-0.9257815127011396,-2.6175152352887587,-0.78546477135154,-2.9439156720231368,-0.848747336202586,-2.913398926970798,-0.6492447013888282,-3.0869925694911404,-0.638595739151522,-3.0371903744300566,-0.48387573462869543,-3.0091691855363374,-0.47706303195155786,-2.6913630921883134,-0.4104325680368332,-2.787831307556203,-0.40113655967573414,-2.8040989934167975,-0.37376262606266863,-2.9585823493345504,-0.3517532576371222,-3.1307388111736665,-0.3992199765209754,-3.3314744749553706,-0.3190573356944566,-3.4542986600836887,-0.35627528251603796,-3.2714846132570568,-0.20530580979183763,-2.708668957578845,-0.09790553478530063,-2.665480769296908,-0.11370268099916976,-3.0652075868646325,-0.09076194528694256,-1.0578304108064485,0.4648657608030139
200^60000^sgd-6,-1.4651993385935482,-3.949143693913557,-1.3316270996821382,-3.1838613550749653,-1.2659290651236044,-2.624509918269167,-1.236004961411017,-2.12806270858106,-1.7666309628187449,-2.3630608343967308,-2.06775617614455,-2.2980869547834253,-2.272970487637792,-2.0896480731911735,-2.334267576590147,-1.9346399386664175,-2.4820265700545825,-1.7815169258952086,-2.5894661033055875,-1.751614992831313,-2.6042771067797514,-1.5979402206675173,-2.6203279848884917,-1.442604998748011,-2.6315324135616542,-1.3164858343462449,-2.5166041728557524,-1.1593994761981734,-2.695443702430582,-1.042401171304503,-2.6684815378205142,-0.8748795473739426,-2.9150428967358675,-0.9119712475771201,-2.755402494339986,-0.8835537527186276,-3.0551177040580284,-0.9789956787302763,-2.9420196294047347,-0.9252702100889534,-2.975897727056623,-0.9111238623880211,-2.9553100991042256,-0.8132807176106713,-3.0143571554062154,-0.7739730005890594,-3.234549670366249,-0.7129447825929331,-3.046498395250069,-0.5560151077940371,-3.005472755109497,-0.5580541806672333,-2.76978290627873,-0.43653188530279025,-2.7020145613041753,-0.41439872423326507,-3.064372816763902,-0.4769147209076795,-0.7605798505074991,-1.08792671443193
200^60000^sgd-7,-2.0529369613797446,-3.516241894580153,-1.8968267664925036,-3.0020991295627297,-1.5939678797155261,-2.182945367237188,-1.525739270586886,-1.830759001529761,-1.8804676564125582,-1.8753423333620387,-2.2607781020542297,-1.8021873530557733,-2.625355101994958,-1.7892977549400666,-2.649671255960328,-1.581847600301578,-2.8312947613737345,-1.5386709915833527,-2.6892023705840473,-1.2310528382940102,-2.724309825793858,-1.1712986390249154,-2.7045942933290394,-1.0109802159603545,-2.6721196034818804,-0.950787097060346,-2.6556547293657102,-0.7760020447386464,-2.7924617168240076,-0.566870385491611,-2.7978346233457296,-0.507122561327795,-2.9634180853344603,-0.4906124615442742,-2.8707248743007012,-0.552821422675543,-2.935467350885078,-0.5324045590342488,-2.708319063688769,-0.5238566444088664,-2.77942641567595,-0.5253850065181891,-2.9594667298244817,-0.34927352154016894,-2.942396289576571,-0.3573371397255609,-3.2542666008679237,-0.30743226995675893,-3.0994942155626735,-0.1655134664901218,-2.913231750729905,-0.08112764997968003,-2.5595300128764955,-0.06379871782514082,-2.497141140128414,-0.032681057566504884,-3.0448355978867805,-0.03146722132071219,-1.1901679628363073,0.980483670642838
200^60000^sgd-8,-2.0103287678920547,-4.53725655509456,-2.1556163887948707,-3.669661764774939,-1.9221635081982382,-2.8704656195395564,-1.9136621097121707,-2.549574220060197,-2.309545621098392,-2.576993865402622,-2.689825534319905,-2.430394640224069,-2.985954567089666,-2.2785416626890944,-3.2109908940737437,-2.1671747563694836,-3.2761213068760084,-1.9605889357240638,-3.297942326484462,-1.7347545015019816,-3.246154074654045,-1.5560019076769596,-3.2095656566544384,-1.4256988437574598,-3.265540750571927,-1.3623065889554187,-3.326063435352714,-1.1929208768260282,-3.4691940834068946,-0.9942380911904058,-3.5358240550522817,-0.9682401848464172,-3.651303728704096,-0.8369793407771788,-3.593099109830227,-0.7925217494459478,-3.521412898564273,-0.6523027296905578,-3.4791574938709537,-0.6384463829647382,-3.4797555310688932,-0.6086321325166701,-3.7226160947106184,-0.5932786138389836,-3.764527163373068,-0.5650314212916079,-3.8766226134524815,-0.49280569944821356,-3.868760238525237,-0.4485811958436319,-3.7368697405096416,-0.31538511098170735,-3.4221468596854607,-0.26390008109561514,-3.302134427939795,-0.15444568091882682,-3.6823412421926074,-0.15104132360109276,-1.4678385859859413,-0.353780270716528
200^60000^sgd-9,-2.257571254444986,-3.2448434034969713,-1.8451330904318228,-2.4195534625603607,-1.5607808531381817,-1.7768487403316726,-1.4936303055593518,-1.5423059899870413,-1.9070319861274576,-1.7253659953870493,-2.2959741407227243,-1.5260226796547007,-2.541596738061673,-1.372889167318193,-2.4902505845327703,-1.1273396632934145,-2.4503225576142738,-0.8636285401251957,-2.3857433066121474,-0.7649610348363916,-2.449492983340039,-0.6903655706572012,-2.359614925358455,-0.5709759004492972,-2.4009597258559374,-0.5569339620481281,-2.4111402303186753,-0.453125298519015,-2.6267565064974034,-0.3819674901777644,-2.769013400591094,-0.28252778311951454,-2.747240101940467,-0.2035338763551319,-2.7232630219397365,-0.3099048130769246,-2.6874474297749016,-0.24368790045583333,-2.5622202152284,-0.34226928474241736,-2.7010000088400563,-0.24773402234548797,-2.7939370217880395,-0.2251747743681491,-2.711367351642825,-0.22333503881948624,-2.9650461073749477,0.03973596070830121,-2.9865170017904927,0.140338897890052,-2.796912840897907,0.14275977030902995,-2.147956926300839,0.18829184726957232,-2.048313527331022,0.10920848294640977,-2.723611032673778,0.2108963954420979,-1.129541014543095,-0.5232411133436508
200^60000^adam-0,2.2695019343526392,4.588742903959422,2.731414025965494,3.6597768867453526,2.5587905778579962,3.340596984709392,2.8242891973928357,2.4265261417292043,3.1225769050055994,2.069954737543936,3.4058216734491897,1.829506781199215,3.725698022077066,1.813856941854923,3.8709887298971593,1.2867925255090535,4.160438835275411,1.2467050501716814,4.2976958974974275,0.778998556055826,3.8167012969379526,0.48726607523119825,3.7936834662260726,0.3729974402033745,3.658556430516463,-0.24779684950847242,3.4055551105458606,-0.5373746391767343,3.26568210446781,-0.7464498407314348,3.4499071083609305,-0.4235657663955859,3.5537113409558736,-0.5807705645778598,3.637852541653861,-0.6404697352860691,3.468887202293839,-1.1585731651690645,3.4257293911535114,-1.131931004785338,3.671102515731102,-1.093394477952571,4.0185462524506015,-0.6824584075849249,4.082730903766692,-0.618144278579408,4.262698579816523,-0.7720498164384646,4.222242391555976,-0.9509777306791856,3.891485152261355,-1.1207293761314236,3.3612664052177017,-1.4477235408276656,2.9146602031444404,-1.3442275982440348,3.2659199574971,-1.3365656545155997,1.4406018679553823,-0.11283144404022416
200^60000^adam-1,0.15214471083932088,3.5009335606865832,-0.44516516948672624,3.415302291944912,0.09646480732573762,3.4021586296428015,0.7041557527700558,2.7405296380792556,0.48161798000847755,3.1759428781382595,1.416352182925632,2.6531536715928725,1.5440071835698463,2.7463443025897494,1.8783536977359354,2.9045812689544057,2.0552692566168567,2.807747461295088,2.276965639884342,2.2894672077830367,2.0270732959239695,2.148791317411778,1.857552823006675,1.7758591968708368,1.9564932019393946,1.6918440849938354,1.8295608589227048,1.713395172774996,2.07310121953158,1.6255880469922563,2.0869307473998413,1.480534855426678,2.3598275633734214,1.6258518553456762,1.849762318012359,1.7465176465409442,2.1752401487284954,1.5687850024127823,2.147519826900904,1.5244955970849428,1.963393328682752,1.4851548169119313,2.2837648710002134,1.2411895108866968,2.7470597344906302,1.3337920217458012,2.7985289865127108,1.8318574049962466,2.7385286967195728,1.8438051993603435,2.882745299471295,1.2096792431274865,2.553073328781992,1.3249343470239918,2.880530544287122,0.6056549752959115,4.19546112403852,-1.0585345784386964,1.8017160256753364,0.04794949663579745
200^60000^adam-2,0.8537209135787194,3.230931882464415,0.172403916912324,3.373769828256733,-0.5428756497553507,2.366630035460768,-0.14497460379705937,3.0290798197395916,1.3337750764842133,2.500374613519804,2.0076733271647282,2.109205983874728,1.9655428053342414,2.127429888708113,1.3194835341808127,1.8765221099231795,1.9011462364965308,2.0668670099329463,1.3621813203431379,2.0970981509687565,1.7484191416192036,1.6895910638657263,2.3285754592224936,1.748014877532788,2.619640325323223,1.4732139955280592,3.0949830172529254,1.316504162164129,2.9370899261818364,1.4451004871475697,2.5445589627769327,1.4664997378676303,2.9805242877278126,1.996504654427913,2.8991916404948475,1.8864004046859069,2.8300871065143416,1.9896671270942075,2.4118909195813405,2.24712677979274,2.1859631192861304,2.173159885110912,1.75917338391695,1.7883061989388507,2.1469717925181513,1.2642561321386874,2.6644636164880793,1.0581977607336839,3.1562076466530526,1.0045566029255775,2.992247810856278,0.43185328534344974,2.5457516423099262,0.5295517512708491,1.9126472896446385,1.5231925368652126,2.078919995562233,1.5682599955904177,0.9860273114729574,0.2568657183829383
200^60000^adam-3,-0.476938475123782,-4.415732600613046,-0.6563999074412021,-4.385331558650766,-0.6657191814395889,-3.807236066152232,-0.9424654236700737,-3.430748464086896,-1.321058727623684,-3.427349929475119,-1.5799014524531505,-3.334311008122044,-1.9170304638893876,-3.2645830737559316,-2.1218081390626287,-3.254312061289949,-2.3027166296916355,-3.196686345960146,-2.486637224842577,-3.0709660602722106,-2.582454866515486,-2.875093469362043,-2.6468500665643235,-2.6338710610927922,-2.894450511439968,-2.459196645316327,-3.1464087875598152,-2.4249473140905704,-3.208760487367999,-2.2821407853304674,-3.23507880665449,-2.26523051662741,-3.4098037838477646,-2.183543158837427,-3.518602148698558,-2.0781391695775766,-3.4944920894220166,-2.015172083922909,-3.5850247659733903,-1.9034970196346204,-3.5243448344351824,-2.0302352383117723,-3.268672865919194,-1.981504631625108,-3.266674672761029,-1.9249746953184612,-3.4428709239256285,-1.9441478578526947,-3.5548359986487545,-1.9298606551454054,-3.6110407968997715,-1.8010058683559396,-3.403727475235505,-1.7065701899635413,-3.241597691643104,-1.7313165682058724,-3.651213827663716,-1.5595935886316077,-1.1290881143124423,-0.5222749572407506
200^60000^adam-4,2.313880013326989,2.4872719431513133,2.528278976612591,1.352069437592553,2.786141358811353,-0.09134201766882304,2.251476152294306,-8.441473935689395e-05,2.184397122804216,-0.36437615566022763,2.1400750286629067,-0.740032984325052,2.380429489706261,-0.673797635180253,2.256991676746784,-0.7909053512667978,2.560076545429044,-0.5429216269871652,2.6893366846599442,-0.7612104613191767,2.1783214228924987,-1.178855269992112,2.17441215150228,-1.1651017546318596,1.7879504166196791,-1.308698346929527,1.567630192888952,-1.605575777182631,1.6637494158484498,-1.6215418741244494,1.9080960017981734,-1.5254974344468857,1.3878769329789393,-1.830796854030262,1.592440681705848,-1.736220541595831,1.480037045792914,-1.8199631985284632,1.150419044995701,-1.786118845483366,1.4036035773976956,-1.5841262031054066,1.329910748160553,-1.6022529725330892,1.0361885403446065,-1.6759884388409796,1.3343035742719436,-1.6848293340222746,1.397986083865623,-1.7992544367544812,1.940263597333383,-1.9240613606633734,1.9311128629050625,-1.8995003359718605,1.728361532612879,-1.8151190907444918,1.5852500485538399,-1.77282130041043,1.2520915547921043,-1.628078940701885
200^60000^adam-5,1.1199224677631947,0.6390962182590163,1.9161559835182538,-1.2160657003685593,1.939900278561088,-1.535429657923776,0.9605195600203423,-2.5124251082314815,1.0176016357372608,-1.8949586384087325,1.2346130882510764,-1.3546833107082759,1.4912836135287117,-0.8607106628651094,1.2441188000942127,-1.172383699515197,1.240710347177205,-1.119401160599535,0.967319952884834,-1.287995084842321,0.8373182421593446,-1.5803603061624234,0.8116809011194824,-1.6855965198404494,0.27893622995806333,-1.8949613118666768,0.37345651593080065,-1.756179595730887,0.3867903736755871,-1.8775344239221752,0.4362958527535742,-1.7293053481751781,0.6701788477486763,-1.2088699892713257,0.53745081028993,-1.7389550623093208,0.23522997620476005,-1.7755448918528687,-0.12931571830485314,-1.84085489852777,-0.2197335258213727,-1.8289295341225607,-0.38987477709349366,-1.8143532062486931,-0.16804379631119543,-1.5946192561936896,0.17460298063738525,-1.4942082995602832,0.05265512099796666,-1.7849108151869988,0.11648090957878547,-1.8585677008653978,0.14460153510452675,-1.9711976669538476,0.7032862860806239,-1.8453358367651929,0.6928209288374749,-1.6518657099027718,-0.10227417225542766,-0.6782777496402745
200^60000^adam-6,2.156986480305,4.37364517254978,2.690854618515704,2.5175357579284494,2.6760581925063334,1.3001716238709928,2.82966110110583,0.9260614202103348,2.782892656902197,1.1246529742446185,3.0853673113095557,1.694977075386105,3.558432089800331,1.3364059007968316,3.5175543581680495,1.0254258822658109,3.514507143318045,0.9199787885170793,3.572026574906756,0.4194500265367472,3.536675757777911,-0.233478731220839,3.184585079474607,-0.5038671438524951,2.9822312667095785,-0.8235854519648115,3.050886136440994,-1.0417779208399967,3.727196361600767,-0.452689370359534,3.642788302671463,-0.3411851049126149,3.6241722956093394,-0.44876628515817435,3.5119808062494426,-0.7903033142445568,3.260807144519657,-0.7310104418844584,3.254247279302857,-0.6975024598743627,3.6158149350574194,-0.7525458176603058,3.5641936690356997,-1.0002273587088086,3.4989281138020076,-1.229199464467164,3.442385846542399,-1.082882794674278,3.3305548059614707,-0.8719507338576129,3.55450201667247,-0.920088143731172,3.1962064780494934,-1.1433733956066967,3.335718311234862,-0.7382089344169819,3.794914196948224,-0.7868209378509486,1.4461288371542,0.1395940333213407
200^60000^adam-7,0.1593987994160531,1.391845560466039,-0.707327439387619,1.4589779799257827,-1.2759328493553515,1.1510010021004742,-0.6899839482368355,1.8075264466044456,0.24698815672146746,2.5406612137055413,0.9706104687460178,2.075190893275686,0.7360240391610783,1.6142753553820997,0.4113068362589592,1.6899951176405692,-0.14539610453816512,1.6709519259745462,-0.9918356360996173,1.2669805733768305,-1.4600475469494176,1.2918735927341651,-1.299191270150994,1.3241975195839453,-0.03168112533737244,1.5337250040808772,0.8676274102150989,1.2660132955514956,1.0162702588174937,1.2742127473601406,1.3890658026252278,1.2320423373652987,1.6218132651170067,1.4256490386984815,0.6775052369915545,1.4149333075855992,0.7491816547090818,1.4494480799951626,0.6612106749400879,1.7209852678790236,0.6368482476012051,1.5235744550544565,0.6531244734551792,1.7471959603882077,1.2464488608734046,1.4994760232310242,0.9337550292765169,1.0576688916688848,0.9550251285351304,1.0278509806269638,1.3875959269277902,1.0837729053469995,1.3331219872141309,0.9114954912462314,1.57627145738845,0.9058704274361942,1.583512426872532,0.8722503604524517,-0.2553434193291932,0.2045665492174928
200^60000^adam-8,0.0762298708297631,2.8316741515385058,-0.8985163271178145,2.17977247503915,-1.6797429450421633,1.575586692889981,0.22986800652848519,2.2356710859156568,0.7662895810025667,2.3242524003446667,0.3400384612154109,2.557006763594999,0.29202684074609797,2.4893801946140903,-0.2241975006597403,1.9324810995045534,0.5423266171754254,1.7503518817764183,0.4093420637785601,1.3911368063391567,0.43697675954589893,1.2833863223016915,0.7480198605821331,1.470806788778445,0.9781716050305103,1.5545074429063812,0.3805074078098284,1.7933289384831,0.9558101960744754,2.1136212749666767,1.5062628156109332,1.9156222961223466,0.9415035559092673,2.4840077779867182,1.8908792847326346,2.4394842909472167,1.564665837297842,2.3094678040293637,2.44599783503824,1.145346978618187,2.9035179712233896,0.7309499893170937,2.7911248262624064,1.3119146329564784,2.355155951515071,2.165729297642822,1.8850118433169287,1.4346699639214455,1.6099810706617592,1.798951250194379,1.6238840556140004,1.96436543262198,0.4470502828596272,1.9404164247050346,1.3256845742422967,1.7083935138003057,1.4322020895798004,1.630590440110036,0.8636304070294512,0.6216280675816647
200^60000^adam-9,2.19926814984363,4.915874365696255,3.105338626951544,3.26993514299673,3.228331006558194,2.0389661415961724,2.9217298725388567,2.0783493798182358,3.2794455830541716,2.105892331533803,3.6459751093956636,1.8131613392157129,4.014804755484109,1.7907078999458679,4.198832236148861,1.3100879634891816,4.191200472231334,0.7285775781221784,4.010666346756673,0.8336970638189654,4.250159486908962,0.28392448250303615,4.079570256390444,0.04615562872195048,4.068445532173374,-0.12942598650769643,3.865135242051277,-0.13456466608214843,4.048354585619596,-0.18514963805836712,4.147227816987907,-0.19731298685686213,4.224259906392129,-0.20181641300236208,4.304217901662353,-0.2566407669701519,4.144163752979194,-0.4532174408567849,4.254091703578032,-0.6277766637122052,4.211135919035646,-0.5986129999741504,4.183256503087381,-0.8902740856050534,4.158463696847494,-0.940186166725583,4.307147723742472,-0.8863894042675275,4.138799465883328,-0.8847944847125186,4.288678705862014,-0.8893914175686323,4.066979837743585,-0.9180538967000859,3.4640248687648927,-1.2601742772245463,3.4885824151502067,-0.8227592913890142,1.5543807492546868,0.2969207928232007
200^6000^sgd-0,-0.1359805955667533,-4.145160007838624,-0.3278980508992896,-3.5896655057361313,-0.3943381819853517,-2.8499047316923165,-0.7396763770717761,-2.7511752154172644,-0.8738302490620091,-2.698256178376478,-1.192242934886172,-2.5424418703115506,-1.58066309933074,-2.709874009851929,-1.8727564158468544,-2.6141747713184884,-1.8803811101482564,-2.4294683513016717,-2.1094931888538273,-2.3642085807605926,-2.0464631482348175,-2.1237160071449748,-2.0752992174359077,-1.897537908068963,-2.064665661247679,-1.7836822776460675,-2.2779393835033717,-1.7650585023894274,-2.2233573368613615,-1.6662576209947175,-2.600281324200839,-1.7149902778268105,-2.618260757675148,-1.7127075486739856,-2.772294636154016,-1.7126630779433003,-2.609555395932744,-1.65338029799448,-2.8580691197159145,-1.5501851777596514,-2.847620222337899,-1.6241079791863229,-2.7493850365510943,-1.5516435555221937,-2.868647721398024,-1.5574239867648205,-2.7344543775199703,-1.433606406463693,-2.751011569137155,-1.4060892291795737,-2.8290443701121233,-1.3733535773376708,-2.7554892174294157,-1.2459816216487751,-2.6988217233868776,-1.2268830451358281,-2.89212454899269,-1.3357812722472722,-2.0929081555606954,-1.088687897833406
200^6000^sgd-1,0.39964930228617984,-2.476382821729187,0.22604826719806906,-2.0567297802353686,0.19133185313684795,-1.292670639354303,-0.1637695261782217,-0.8845759720370363,-0.2840741080882935,-1.0128891805937676,-0.7159717945843241,-1.2814310100186483,-0.927981301732027,-1.6629184383579576,-0.9230027915717245,-1.363401516075778,-1.037081076689021,-1.5539848511535723,-1.2912234705490155,-1.3883911806578804,-1.004860870890569,-0.8059431849549961,-0.9473725213786538,-0.6387816395253565,-1.0537862926599533,-0.39960932572074986,-1.1695496980330544,-0.6780234709440998,-1.304853179153609,-0.935171591684286,-1.3160028188320254,-0.6915285272914254,-1.4021346803826724,-0.22349364491706192,-1.4202076398961474,0.4722272707487614,-1.4355925108615755,0.5149662343296013,-1.4420778888213683,0.730575228526324,-1.2799806458994427,0.7686060767438635,-1.6824699147274782,0.7340783297685634,-1.3442554252485113,0.7255774222732017,-1.7210464097861193,0.5376822933063217,-1.6758170059296276,0.12101351173253151,-1.5371537332411607,0.5780819428318453,-1.2150599985700112,0.5512237705338299,-1.4117981372079085,0.49341505207627384,-1.4954918048564447,0.499709927216026,0.03839866933678962,2.232457272806794
200^6000^sgd-2,1.6083645971318388,1.0184213310947468,0.4050916998518099,1.1285506375826038,0.486974626931443,0.5957939620788166,0.3870136465570406,0.9000820747863891,0.6192069226697409,0.8821120385866772,0.8700398114799182,0.8031092875628413,0.7488335968844678,0.5432246553213969,0.8879947680418211,0.7061567846902359,0.7547047488981936,0.33106007188226044,0.7889947029184446,0.3918413479361727,0.9133894263597091,0.39156612202740126,1.0896068051726473,0.35544832889804245,1.0449409004765389,0.3651868341211592,1.1109218810572463,0.39662242787678,0.7729383194654986,0.3993448714006948,1.0379904580717763,0.41867903643583587,0.9198274575259139,0.31778334477358217,0.8848827725104735,0.18226105930442488,1.229744375390278,0.2886279119178503,1.1512517157725186,0.26380002715218714,1.3397905494290896,0.36080638633158957,1.1520089375541793,0.3027683646750687,1.06300005455351,0.19366784922697527,1.0553462034253738,-0.030447269136484507,1.130740146696859,0.057181650559135294,0.8933480670350429,0.1849391019791362,0.8869214375220831,0.13833623620873434,0.8705729232381509,0.027771026183524714,0.9426972564173562,0.10052122548473455,0.8231896042880007,-1.4229317012209235
200^6000^sgd-3,0.34370229101031113,-3.571630381083045,-0.06716408080649258,-3.3794244672797924,-0.1401896318953788,-2.573741925450086,-0.37847383090456066,-2.4060614313292543,-0.7112219730804267,-2.4885719201554055,-0.8552549826405843,-2.408434643438261,-1.1852132795631056,-2.5453251798306367,-1.4122012170477447,-2.4134932722058187,-1.427039563041764,-2.3223170001200852,-1.7261909064834695,-2.210543416483027,-1.6645344431215927,-1.98697467288803,-1.569911619442108,-1.6558738498005088,-1.7052115585878835,-1.6222512949797394,-1.7608122458314774,-1.5982380955967899,-1.9002508241298381,-1.6166017587185018,-2.111897053389095,-1.6295821519434244,-2.1768727469255014,-1.6342380784148172,-2.226329609059942,-1.6464641106170337,-2.1746525247806914,-1.511793873748651,-2.08625799592941,-1.360829271700951,-2.3943681385827973,-1.6639928804461503,-2.4493310094417042,-1.5680532559774996,-2.4928398749163834,-1.6257625621653173,-2.345274582903499,-1.4118987119841513,-2.4492394076506545,-1.4183639291380703,-2.510598202751345,-1.469066990059673,-2.062900927199537,-1.2840281092697083,-2.0704054613750156,-1.1798504682728947,-2.318633120264427,-1.3642255766623808,-1.634763764088395,-1.36146040570346
200^6000^sgd-4,0.3236160904922032,-1.8565633045028824,0.03247619727955474,-1.2163351826349587,-0.020605270490688547,-0.5818877342508202,-0.2892011918461903,-0.7973959644043664,-1.212140195256369,-0.5639006334144522,-1.2197245983650131,-0.6973324589182633,-1.4044224019155729,-0.6819226612267977,-1.5277476130850745,-0.3167638149168911,-1.2586998015995294,-0.48265351155086805,-1.1343240489060984,-0.8214685527255102,-0.7885349678227378,-0.41545997356726355,-0.5507506496323394,-0.19807943327093047,-0.8372974233689069,-0.2307445320572937,-0.9538046407498187,0.1825408462964356,-1.1269187450074944,-0.09091039271842716,-1.2742973920874747,0.37109029838885776,-1.240968875382763,0.28271025077509554,-1.2701966448353652,0.37238981034678026,-1.1604486627352164,0.4541210175480988,-1.1765989609079328,0.20031894450783178,-1.5275708368390686,0.09247105639195678,-1.6650210064662108,0.3766298759373191,-1.027719147965146,-0.0022876969575731077,-1.450084265772564,-0.08560055176434869,-1.0135615219143186,-0.2377446201870561,-1.1313748264976617,-0.3526179765329617,-1.1339552517399873,-0.3626987931025829,-1.069201667967127,-0.42535482454429263,-1.095150756308477,-0.7271299428454081,-0.24712479481842695,-1.465945555367589
200^6000^sgd-5,-0.5296170033842422,-2.5435313680814335,-0.1791784752708011,-2.183535797429493,-0.2342274312886809,-1.2440555433371232,-0.04528975236842924,-1.2260812521533977,-0.6231782880082559,-1.4799459018971044,-0.7780817858347715,-1.1898660808499801,-0.9926859265104307,-0.9746033384867074,-1.2335639724992653,-1.3359454607444252,-1.507932155745552,-1.1624224461129766,-1.178981935193863,-1.0192131120357684,-1.2162605832277347,-0.9294661758272862,-1.194827867018059,-0.6119000595692317,-1.3299022308957347,0.006262433406599974,-1.2189067119610284,-0.2593002660491463,-1.1591147085269409,-0.560494859851739,-1.335034654239168,-0.7536131403534394,-1.1506313783499071,-0.8334002445646708,-1.3044193148609462,-0.46122247767118457,-1.2578480405603432,-0.28288954496495067,-1.3585487721915548,-0.36123995449254725,-1.430305008237612,-0.17534898507451047,-1.4302047657956278,-0.06985326531435787,-1.469895538476509,-0.13633792858044214,-1.3139500676993594,-0.1966407545380039,-1.84862877103189,-0.28880937535781886,-1.8031209050230612,-0.7467663593455024,-1.37695739785307,-0.5564377271334079,-1.3738282627103722,-0.6615243618170974,-1.3876194161720548,-0.8249353826656904,-0.8908242455693691,-2.163783533179012
200^6000^sgd-6,-0.260972152766157,0.6161644835272903,0.3294229206453294,0.19062609717254683,0.42442597371286656,0.8198953300864068,0.2358189845889817,0.3951033808434674,0.13266690859113697,0.33101553629733294,0.11799538137653538,0.21108623228844284,0.061627424327209766,0.16959743678625377,0.28853125388560635,0.3720680308645962,0.016326348272219758,0.014091744965854799,0.07224338817639654,0.2014486922075916,0.4566697844128795,0.19340952197536918,0.5515470313470793,0.2496812818933845,0.24678751140400185,0.07392438092693315,0.18159851466128274,0.12893542978181785,0.27597556175341986,0.24148500016263516,0.09354926632726654,0.10194400844089466,0.556885739674004,0.3250474572952639,0.12771060606434897,-0.08540442972866838,0.21872228783883466,0.015674211592378987,0.5116858231222696,0.1359058735733319,0.3197289639315636,0.08806163248563612,0.5918454066803999,0.09117507651037984,0.594081410837208,0.051445546298576,0.4088488072750631,0.26397698467323544,0.3142128447297225,0.18697286513138364,0.09842905421404526,0.1626528130705454,0.17505368577465877,0.10153426309214154,0.6558134173295276,0.011552185829575009,0.8257626136981827,0.25241486474224367,0.8079085025784297,1.8727067672505193
200^6000^sgd-7,0.6770053324671754,-0.7773546655211541,-0.34661135923066444,-0.5422841632745332,-0.40235786695179876,-0.12102560621049506,-0.7333322541999933,-0.11654788654899055,-0.31450161168136204,-0.0641542927332428,-0.46605154338277016,-0.2611343603140609,-0.505078501693315,-0.4588633436503926,-0.5827111480149793,-0.6814801066804167,-0.6001667835476768,-0.5440487543218381,-0.3474410506478346,-0.005918582500770737,-0.14553862991616992,-0.005006451432715943,-0.3278841357032849,0.12395412316559978,-0.2856613649017794,0.021933675019285954,-0.08993242922104569,0.18401455395371882,-0.2774177849098487,-0.029429334487966613,0.11884284733175,0.18324968905038264,-0.44662409316274054,-0.08949286698006088,-0.3892840175519131,-0.015040369314537982,-0.1292413328948087,-0.021895568419203475,-0.03984465389742941,0.10427868302813716,-0.36227903886435664,0.043309990941222,-0.44114443896739397,0.07923609222767626,-0.5443662267525124,-0.0153686190494422,-0.40729173061908147,0.1137743313922252,-0.44097282167491064,0.23362115871959122,-0.4396591956629281,0.28884364276382646,-0.02997394123030341,0.28445581055499086,-0.3061399707277229,0.2551957771039489,-0.5175726405191298,0.3169492116849049,-0.2786977362850286,1.9448723130059042
200^6000^sgd-8,0.13774727947927887,-1.114003429041525,0.38868966831302254,-1.1515994246036512,-0.3148330326029408,-0.2623527015582027,-0.45731006888624104,-0.11068819367111828,-0.807486657850911,-0.11419183397723737,-0.9617195951807083,-0.11664253816483926,-1.294636093643846,-0.08442566579139721,-1.1170775001689308,-0.49975243477000636,-1.3780185714880853,-0.055347503538720186,-1.1834309161329273,0.042817777135308585,-0.7971967842941645,-0.1039224251185809,-0.978173918809158,0.20576375269192373,-0.632439656824521,0.2251840935081977,-0.9058196999685695,0.12966254464083524,-0.7603691605047938,0.25551170302893716,-0.7443984869315667,0.08704179417973994,-1.0837255383581759,0.3528821092775159,-0.6281218730295264,0.34062413818887055,-0.5030279640655843,0.3913410680729425,-0.7045826739513286,-0.008501572114428573,-0.775033282341216,0.3847464191332523,-0.9500280841510106,0.4624616686814878,-1.0115308792187854,0.8420760841270921,-0.8577462317914757,0.6342384201397617,-0.8212946603949438,0.6785033633120159,-0.9170984992849873,0.5824771931275353,-0.47461576433875147,0.441671884251252,-0.6863201984185401,0.09030632289931331,-1.083331762520021,0.38626301206660085,-1.350054925425255,1.7213806891209054
200^6000^sgd-9,-1.0525472265384495,-1.4499578764254533,-0.6019484589878236,-1.71502103464544,-0.23059150117655963,-1.4414887216929348,-0.26401991882766906,-1.1805721026671647,-0.6705298008556297,-1.4846426393527479,-0.8033200855641626,-1.1755650815767695,-1.0345416234748954,-1.5447265981595555,-1.1445325986308346,-1.1200536337908003,-0.9472129429977713,-0.9560483630521627,-1.0061574336865473,-0.49137611751763854,-1.069290167179756,-0.2756252407574755,-1.3003045248808878,-0.40933698216152614,-1.1982490478295345,-0.5955084482970023,-1.3211478996917616,-0.6339870337990314,-1.3051669858568942,-0.45034660305376756,-1.6519571501222365,-0.36215165300371177,-1.737358346489363,-0.8091532595585978,-1.4713560341025742,-0.911352239913043,-1.5039632666819764,-0.5037049683368611,-1.4625346008106588,0.3160413637454965,-1.840796075998166,0.5123476234951319,-1.6155793442356592,0.3336224243407502,-1.7621734405125196,0.5488515841769877,-1.822396547992819,0.22297419625787407,-1.6834907389972855,0.5953743952155598,-1.6248293652954715,0.22130483920723826,-1.3275935082677233,0.43430325746466664,-0.9505745649289028,0.44991533273477075,-1.37328041856832,-0.6486660794484728,-0.7451253022628693,-1.8420176195417395
200^6000^adam-0,-1.2661258129168564,-2.179700202098206,-1.9461302415464394,-1.5490824813077253,-1.7404176647593017,-0.7625999396043015,-2.2832708084014626,-0.9647716190904501,-2.3533127904725997,-0.8971326300157051,-2.7298349980279593,-0.6992940147501191,-2.8682816809295337,-0.4658014449086513,-2.7631035521020393,-0.21505267640423428,-2.796637829803932,0.09123025372760439,-2.6265340593735904,0.19286418564129845,-2.53979743475012,0.41191456738805116,-2.393305113793388,0.6002300068181103,-2.357307952668796,0.6594682984253313,-2.257041349031719,0.7074588346954492,-1.502150523033716,0.8008509570686697,-2.1900975895348513,0.8073228795402687,-2.3550757336007386,0.8443818890747913,-2.4018197093854567,0.7505057537144695,-2.731882279431453,0.9422378437121811,-2.617956967175155,0.8368325804912973,-2.9925309679652763,0.8803775506678378,-3.085470809112944,0.9568202045053033,-2.8792971925269906,1.0029713796299136,-2.792441532935144,1.0239156308577781,-2.4862044554824174,1.134916151422179,-2.260404924633211,1.0247703992873975,-2.6748337510983307,1.341742191933119,-3.2006646229369413,0.9110152340164279,-2.3093883503742787,0.3376373695878312,-1.0319860136746295,1.6162835926144024
200^6000^adam-1,1.6926678672231887,3.226031114497573,1.6082105968945075,2.535057579872194,2.361907507663836,1.9228525888170898,2.090205723087991,1.6899907350734042,2.0222445834123124,1.8547109520463676,2.2389488023073234,1.417541951251867,2.2385901941211697,1.093034980452535,2.6631381758592685,0.8147077078350519,2.647147355370783,0.9146542334006167,2.746169414753168,0.9529291381547971,2.3985390994903435,0.41927612987950896,2.769323551173198,0.7256178710333483,2.6942501551634446,0.5769501909709704,2.7229909605532936,0.6133529562005179,2.6537423303356387,0.2226070637859378,2.9164533910407817,0.3778352143649903,2.8900760564749817,0.23971346660172677,2.9369125943144763,0.16731849258921339,2.947164786478362,0.17465469440658962,2.8608881669397315,0.10319113016550643,3.0353018961495315,-0.2597068307285902,3.1449368694375806,-0.4256266470477971,2.9250565413409353,-0.42680012770501197,2.6769862947000465,-0.520799591825283,2.412599040106656,-0.4170783194735479,2.356493459256207,-0.43700172605821785,2.5665550470903957,-0.26475873528799393,2.6549226940488784,-0.4320092626074803,2.470970570453897,0.0065230179622335505,1.9303391510069505,0.4199478490717769
200^6000^adam-2,0.06591523865226091,-0.3015464774750824,0.9871765136817666,-0.1002249093858727,1.0860658460440724,-0.3135648844572271,0.8415543067736849,-1.136847320017674,0.44889890173755476,-1.0186536521186687,0.5250424368429507,-0.6340583722148126,0.7393011655267624,-0.3927491269619915,0.6187534134593583,-0.628800560321697,0.5299951375932979,-0.7102605588284333,0.564253252991211,-0.6029165182664091,0.34279209583957865,-0.7025382332717084,0.14365679705481918,-1.1186137884707203,0.102415775636067,-1.139270557527974,0.06384114689620488,-1.1016431640036246,-0.2563229749691064,-1.3583728933550374,-0.2633509104563519,-1.378916141016205,-0.31256193604563837,-1.5062607550300235,-0.3569004668360811,-1.4559126577994619,-0.6963910047016981,-1.3712200312700826,-0.876938055761001,-1.477099702694738,-0.5908392719668961,-1.1660955407704197,-0.5121918501021413,-1.0327124534822159,-1.0593178731715112,-1.2342893700032551,-0.34796415357093863,-0.6828624091351736,-0.08535058187528158,-0.6286173420493064,-0.23649132340741727,-0.9201144549001299,-0.7322839091231621,-1.4535338526509076,-0.8655488015803449,-1.594492303726906,0.1361842343448186,-0.7838153224823257,0.2461107611143842,-2.049134252400969
200^6000^adam-3,0.506177137484899,1.519162217450097,0.08912396660578062,0.8621173630718731,-0.1315136119315387,1.7098902647315408,0.039799151632045525,1.5459072052051046,0.4251223520031553,1.2913443857223934,0.41712488697566186,0.9893714484424838,1.4606788044022165,0.30556046280061155,1.3904043173448686,-0.009492209532791033,1.5104381803901579,0.0680528919847375,1.7246280414712012,0.3362513869589042,1.7619698659737741,0.8111426878203938,2.018968289777941,1.0988280157899444,2.0580442000661083,1.070228365075684,1.7190016927912584,1.15029991811372,1.2565541976236154,0.7050315553345329,1.1572604156012987,0.5691398427922945,1.183553460427391,0.703567051793587,0.650681355193568,0.3427465468144189,0.7382150562801464,0.48706780354441737,1.125928250264608,0.7964173589745757,1.2213763059077414,0.8900600857159217,1.2580826947863535,0.9421686076902784,0.8577403216896765,0.4651404726684326,1.1815984097830659,0.5225151328544952,0.9810042799928184,0.2294400295105986,1.3603036266656852,0.4832053121636658,1.7396124588713364,0.07153691006481795,1.4001352207495605,-0.29267692953442964,1.2936866623595902,0.2749133891330458,1.004242185327927,-0.6512109856075728
200^6000^adam-4,1.878618311845619,2.5572101354266707,1.377967578114048,2.15726368706269,0.8967883535574636,1.6914955598091679,0.6975639829443285,1.3945952204568186,1.3416389914915137,1.3973122066683297,1.8226230133549006,0.927981985517132,1.9148529968884902,0.5783794941246178,2.1315359435538808,0.9323637222467599,2.404484481244052,0.4194142058166745,2.546003938392643,0.3381760322217876,2.761734889350061,0.0880579932738886,2.4417102659887218,0.05789062651867426,2.361881598927022,-0.08177225625648674,2.2423054834565868,-0.20657404625027337,2.330880869136375,0.15731158749787005,2.2681550159962214,0.28587218773132855,2.328104381069071,-0.29852439510205686,2.1029588279274023,-0.7293330207799443,1.9959628804644798,-0.7777598458749558,1.439820468687949,-0.9696902796674035,2.169447718546186,0.1286686449383807,1.925559979704741,-0.1507986207521974,2.31997894681288,-0.08816794735289359,2.0451842579363597,-0.1658814314391805,2.514609647744497,-0.39359430763190567,1.6480337435884775,-0.6670378636830938,1.4273886411232295,-0.5730352209785621,2.061847083867384,0.4759339231796968,1.9087915350430193,-0.2746447640903153,2.0760265135776703,-0.8802463161089158
200^6000^adam-5,0.8183043319354716,1.4250009901484535,0.09054194871076199,1.3487182434322076,-0.6189820719101468,0.987262383853191,-0.7792270379906792,0.7808159692138179,0.983626578841292,0.7754205713833189,1.449920014842586,0.8807471678723668,1.4228183398312957,0.8865126715300715,1.4000656728686964,0.151005172778793,1.5591102687064118,0.29086230143769315,1.8209094561418906,0.6814463244039739,1.6040830787008935,0.8809634792365277,1.5064013427411238,0.9096715953879309,1.4910600748231297,-0.04058066893563375,1.3402874591628906,-0.42274137614639984,1.287060896646275,-0.7511025307282517,1.4487060169280048,-0.6893607795263251,1.4823194654649126,-0.18374378343684236,1.4331578261332913,-0.2345860528120581,1.3992902875860886,-0.20285256511502928,1.1159212446505864,-0.09870571284197602,1.3096425965345362,0.29372038375698295,1.3575684142279991,-0.7631542346277107,1.812195711012406,-0.6316775632352338,1.6110329051577617,-0.3651260680171901,1.5528518088374226,0.06957998067839924,0.8867138504239005,-0.2541636353384093,1.2542495712741877,-0.41165785604942057,1.2540412905439675,-0.5512424653783827,0.8721668308243289,0.8934742122060892,0.6970370663428691,0.7246513649329829
200^6000^adam-6,0.6009067715227749,0.27040355144700345,1.1260089054732891,0.7776105342749129,1.2417778272488533,0.15820648245485164,1.0784417193018474,-0.048408369957117454,0.31598629407678125,0.07728347757592263,0.7982057240553221,-0.363139700264058,0.881995461476818,-0.07351108142901583,0.6605372089501728,1.1413145195897723,0.5995002283263224,0.9965691736473673,1.149130689805628,0.6745284284431325,1.2532826406591921,0.20674136917239683,1.1259352253728974,-0.08767285381776997,1.022273988415208,-0.05175279306147493,0.9528614104395212,0.2327714273123527,0.6921643609793999,-0.31536968548538513,0.5794617202264962,-0.13975250841087783,0.2551749405547647,-0.34068770918280544,0.19964062944947256,-0.7146929289511642,0.5608023347354527,-0.6598534018737738,0.5139859376760145,-0.5770126500984283,0.8099514891739898,-0.385819099006448,0.9675302648451732,-0.08202862462995072,1.4831537914683317,0.5296002492729371,1.0781497334873646,0.37757990391309654,1.2784707861769005,-0.484846250548269,1.3149429476906507,0.1477927384396803,0.8337755390441416,0.6107097837808885,0.3925869885155245,0.6493341222716739,0.2497016740373527,-0.007609516720962956,0.2043450116377392,0.823340528774011
200^6000^adam-7,0.523479471490462,0.9283083595198097,1.2411706713720947,0.7423423797510977,1.548585691430803,0.41090149492642236,1.0180287920838624,0.6539090422436951,0.9577278968753332,0.10587050526447998,0.7510866093549756,0.48815479412238005,0.3994351733581333,0.459855690278266,0.6368481219815086,0.17790893319843126,0.6934812711677462,0.29397397215223725,0.8407178777974503,-0.15518225128850405,0.9735781279405299,-0.5431805681231405,0.848879306344858,-0.5254897206538189,0.8773458845064449,-0.8579538111677534,0.9342355626949121,-0.4957542375016999,0.905216999447853,-0.5622264873045182,1.283627338897672,-0.0076068579807692304,1.4397382432781511,-0.030616687431391523,1.4542617532369273,-0.10342374337838602,1.6244521008802553,-0.08937957997478013,1.3354188614958031,-0.3109915566191772,1.5163212127048369,-0.5355461994775846,1.2946403652014211,-0.4053812156631393,1.2969468824269816,-0.3270616522469851,0.9385825671824394,-0.5464356828815449,0.6333207337506659,-0.6235961749621104,0.7705035431702132,-0.49850440761846426,0.32593365612574443,-0.8952676600274735,0.25274397903887263,-0.8049074689084869,1.0414348840517744,-0.4458371335452598,1.0472855017608977,-0.9504626474767279
200^6000^adam-8,1.9700354273180667,1.6260995076796405,0.9790485956238053,1.6989819785827407,1.4815927222011507,0.8579203448266879,1.313563064230816,0.7328689209490951,1.7467954909211945,1.2821166723646473,1.627073123263293,0.43722482520839206,2.1026395826456303,0.8882302007622136,1.8806976660291734,0.6437649605997632,1.6926346239890036,-0.3513771222643377,1.5777768924276185,-0.4011494622816862,1.5799742661493468,-0.3526126853020561,1.3976140138046482,-0.9756690162622492,1.9990926011808912,0.44234327000999185,2.0459372194767314,0.030392091166717462,2.3292998254153074,-0.4033111765400543,2.361211050199393,-0.46056934026837537,2.2370730738117843,-0.5949425033299025,2.537043295429698,-0.276585094514961,2.6446172929339267,-0.1887351187597046,2.4951399956050664,-0.4108979701882939,2.3842971177423156,-0.7825774796102535,2.3000608029911436,-1.1423035208912253,2.3060405109064672,-0.9278915629191328,2.004652841217286,-0.8212252761618415,1.761653704590049,-0.872844047435008,1.7804878954955865,-0.6181276169601695,1.9601875873018597,-1.0472204269162437,1.9364578509361605,-0.6309359895499184,1.6594114773270414,-0.5469162634533015,0.3508964143982944,-1.4068318518976015
200^6000^adam-9,1.3226286016599949,2.1374361983548793,1.0917381512865107,1.7971983989532003,0.3451962686344652,1.4313697606347682,1.5368019593061064,0.8917052160525087,1.4084895374385686,1.2667888433445524,1.6029393102960596,1.3791589659717098,1.8156283792218648,1.4386929284398065,1.8578730553567047,1.5469993945468228,1.8249902946313705,1.1456423760743346,2.0921322885017006,1.2234990454438086,2.08776480916793,1.0552816267968483,1.748542502469548,0.7067009801387045,1.8355907129630553,0.7525029763125904,2.1747920185006757,0.29851180717905995,1.7634665468341695,0.13417484408850047,1.9108844441358668,-0.19170584025066945,1.7461379713798337,0.19134847448543701,1.8144030982713018,0.48640949648333864,1.7573288068506683,0.35819643077122976,1.9707188875103374,-0.024808727172170062,2.1089966504481388,-0.38210749897727836,2.1293017719019276,-0.14891158432767226,2.3605315589481095,-0.0013808906925246321,2.431240340791617,0.1585663537779495,2.460073471395385,0.010272416683025691,2.4789824166585266,0.17616221719665118,1.7280783660962318,0.8270002976740818,1.2980428669950874,0.49764768820406147,0.8862362874625259,1.0583677690665578,1.5543676055135984,1.6033524090968159
32^60000^sgd-0,-0.3421447086961874,-1.9994584627826162,-0.3386601810169996,-1.547747550769,-0.40082328274991785,-0.960114118103979,-0.4294876484550053,-0.906186790432493,-0.7195075318291163,-0.8391702741834858,-0.8504859122537399,-0.7372460627175081,-1.0016198960504563,-0.6570730784413567,-1.1210900510983708,-0.7989782405158885,-1.1470130499851214,-0.7815928359861846,-1.1903958506488082,-0.6440450105569775,-1.1287941750033745,-0.6863234118605495,-1.1352887137186063,-0.5811993209806833,-1.1534677729406317,-0.3821485683281853,-1.1373939131097983,-0.38594679180102004,-1.2025439821687036,-0.36798495982728163,-1.3419631962422767,-0.22389192934286123,-1.3715000978869747,-0.2119831322507353,-1.1842263431951516,0.13386354556565008,-1.1069273990959687,0.1417094039161293,-1.0798903567869726,0.3149706853262694,-1.247807215188099,0.3139736649857797,-1.1825463089779686,0.2848467645249939,-1.1993776503439388,0.31142019498960677,-1.1835084821791533,0.2640899156175135,-1.3153795541604894,0.09001678223199595,-1.2640726291296802,-0.03903170552391305,-1.130337057412283,-0.08268338397890264,-1.1558088808323967,-0.16117098923313705,-1.3018744090947916,-0.27130366590113064,-0.6862568032876282,-0.27379853680728417
32^60000^sgd-1,-0.40505780652367784,-1.3822230154175004,-0.3783189324225148,-1.0807344951758968,-0.39742710274850873,-0.5383383249405309,-0.368478544284517,-0.39119309810504027,-0.6462115591427998,-0.6264257233265275,-0.7867708806726192,-0.6052709653063973,-0.9409987712342509,-0.4773438760029306,-0.8939684248959676,-0.4144337570007491,-0.9446878339685395,-0.3484727852134485,-0.8984453093007931,-0.18997347998303912,-0.8435102024650628,0.023738856686077257,-0.8515927647428894,-0.16151440595404062,-1.0195676443175552,-0.10370869624074056,-0.9027992740102616,-0.14180273651904177,-0.9450193684292262,-0.04165903778152396,-1.1256951122084555,-0.07220115332498178,-1.0139863846510457,-0.02269241988847207,-0.9796859493525754,0.01458372491207105,-0.9171974758884268,0.07656720184443035,-0.886672492525464,0.19060793978149573,-0.8602991018793362,0.3256851062502268,-0.9019090837554797,0.2882411184511652,-0.8202857215496355,0.33951863144534045,-0.8747245433096873,0.21532638504780105,-0.9654003301917,0.22774124199414353,-0.8768822906221381,0.11324456850850242,-0.847308494493022,0.10919144489107087,-0.717989445768812,0.03138237735499817,-0.8903461316693917,-0.06478068558989039,-0.4723313835826963,0.2085389463569943
32^60000^sgd-2,-2.2013204655387493,-3.8058132013715595,-2.021509826900897,-3.066884752056138,-1.7855508420651702,-2.3718115348991367,-1.6993473922844782,-2.0645000980209653,-2.1487086532094377,-2.0743981698515164,-2.5392536974313678,-1.984961382595097,-2.8621708925630664,-1.8986037733991057,-2.960574621917695,-1.7213592672661988,-3.0227310421322704,-1.5224012254380443,-3.0723703815581174,-1.3584128666867024,-3.0911126864374023,-1.1465283548844012,-3.08831912540094,-0.9134477873477719,-2.82373631990887,-0.7839608335949171,-2.9072990086643187,-0.6492689961063123,-3.0846295833992246,-0.5731976882701175,-3.2266338887461656,-0.5856412172866807,-3.355119359148951,-0.4927978217374041,-3.3774905937373987,-0.5893182762511638,-3.2576176923026874,-0.5272937487386812,-3.1783504139343597,-0.5259326721830326,-3.0105007122389504,-0.4887674339201528,-3.1709633624852978,-0.35580536778910554,-3.2905914536247134,-0.32095116791492917,-3.3682289511483083,-0.16952943981587773,-3.2949427367627466,-0.052686992224512244,-3.217712522261946,-0.07383770277843889,-3.013099812410937,-0.02177177072565007,-2.7795300007737844,-0.009835700567542046,-3.1688593043251787,0.05149362208963775,-1.3423472337484617,-0.10299872770909711
32^60000^sgd-3,-2.5006530655902064,-3.860308918492395,-2.321141689092223,-2.962871548709251,-2.0286554632311184,-2.297951484603796,-1.9151905518097483,-1.8937877611281424,-2.458812364666905,-1.9897467241967854,-2.8574976981076428,-1.9683517922418377,-3.157861026361332,-1.8928290854060428,-3.2091892314267003,-1.5911898287212047,-3.294845971722674,-1.4380307214916042,-3.3719016997510365,-1.167773745447669,-3.4088792972609814,-1.1050673231517358,-3.2550110001202097,-0.9227626730789192,-3.207868082085617,-0.8022450361403919,-3.2434745058463053,-0.5572098345665457,-3.40590731146253,-0.3381270662967319,-3.360041281076578,-0.2711998288449563,-3.5093373075718484,-0.2884968726104353,-3.4333062337792066,-0.20487175769254504,-3.465232158709105,-0.19138609472862353,-3.248248066472624,-0.25819981240686074,-3.3879911430735117,-0.2619190037935837,-3.55307058702963,-0.15727583201365147,-3.556075660127806,-0.15410247484751446,-3.7265926032566843,-0.022911582785459666,-3.665004315282863,0.10954684468925814,-3.508081267350163,0.22525016902293865,-3.0573347092280696,0.22598961032631543,-2.9003740677357848,0.20364511706566016,-3.4037776801749713,0.2168728890813169,-1.8644907161547128,0.7545409235940234
32^60000^sgd-4,-0.16979756982346875,-3.8745289173645276,-0.4032297952290599,-3.2926293459790945,-0.4694404737159929,-2.6216880816754125,-0.6607741002067934,-2.46358369806871,-1.0149514253782186,-2.581424743580354,-1.2654599049054587,-2.4896123509917625,-1.5456300243997185,-2.6464350358283335,-1.7033959358431163,-2.571026757214982,-1.8750010258179814,-2.4761518827080744,-1.8442269813173455,-2.2071094755054412,-1.8088748731795818,-1.915211581515517,-1.7247607854057276,-1.6201760044275906,-1.8971238506321129,-1.6146908955296624,-1.9209038312643874,-1.5454435691866697,-2.0978449772813743,-1.5817077695094492,-2.2555696918903627,-1.485077524532024,-2.4380809297277413,-1.5971229443141288,-2.6082798847600843,-1.6469218925373308,-2.5387244119661205,-1.5411981998342317,-2.812093791939386,-1.5419772254612374,-2.862188149554076,-1.5767259981911976,-2.881560175628933,-1.535747553069901,-2.85725094807745,-1.58152488632034,-2.771584492627762,-1.4271021544709281,-2.666401926804471,-1.3430403177385826,-2.7229873408340093,-1.312882111806273,-2.4599842294484313,-1.119290493041216,-2.4090153465218895,-1.0427488433000516,-2.6823880864124288,-1.1609953944496056,-0.8810730517695753,0.10705462094231523
32^60000^sgd-5,1.0005846711031359,1.8330957057740807,0.6767543289347918,1.4545462401027571,0.8741404205616448,1.0876526277383132,0.802245518374626,0.9838457441611062,1.0632874971262687,1.1703850316129387,1.204589245969103,1.0719007521884738,1.2875303260967295,0.9183791781398543,1.2181954867885565,0.7697252228904768,1.116151292489002,0.6154615663688024,1.0399840971275591,0.3974897193458624,1.2415102428093623,0.5166896015071454,1.2537758316313254,0.4191049628050887,1.4634988013480696,0.4761569252766987,1.480891211380908,0.40767773893199666,1.4732689887001351,0.385997736722068,1.440374124521017,0.3695081986863321,1.5206226647754997,0.4055634023860596,1.4803177331991257,0.40481809726913415,1.3549198394637805,0.23913306355928798,1.517147049835525,0.1375712923286702,1.2628951142387141,0.03263704355390416,1.2137104112207777,0.05405496811903671,1.4894673265365888,0.1466876452306439,1.5887946632378336,0.08415600516516544,1.7612596315263354,0.08687470345074058,1.6106696210844247,0.08816574658278938,1.6025158642576383,-0.11953871585248045,1.3780424605273172,-0.012962039856298171,1.221172136428031,0.12897119796475584,0.8113308141420565,-0.21326967469041772
32^60000^sgd-6,0.8297019302083668,2.2502672638610774,0.7987951437958549,1.8650071653147469,0.9704355891266486,1.3362317837560296,1.022852622763538,1.4757588212953983,1.1757025760195148,1.5217336267409969,1.3486228803379603,1.3704737461537198,1.4196760561094866,1.208829690382828,1.3272860513805365,0.9847208347455346,1.3116158861698304,0.8284248982154915,1.301015903329956,0.6891211781648818,1.4115071034658297,0.7888463275823862,1.3571299333732814,0.7256140823245614,1.5538428123903816,0.6294575065875078,1.6319519211887243,0.5625522737521989,1.6302160650580662,0.4027803907045799,1.605839282122129,0.44701690408760275,1.6884976311233981,0.4631612026321475,1.7613051275654974,0.3994278554050166,1.7897859727169176,0.35139795942271157,1.8872835613649328,0.31473690270555127,2.0517129153616174,0.2707960699295184,1.831891419269965,0.2626000695987736,1.9353174169466787,0.2635907854718025,1.83376182380719,0.23350618671105747,1.6963187080899822,0.17250632826456563,1.727352432536553,0.24253602106089175,1.8191327354757056,0.1474115380332613,1.655840024579039,0.23488631530877016,1.570296250744896,0.2544007205090438,0.6543095283050129,0.5250064799224787
32^60000^sgd-7,-2.4654218254398796,-3.385503809213541,-2.1675717059669943,-2.581958053203246,-1.8675651873998202,-1.9246745912794234,-1.7441995315207202,-1.6130987289272987,-2.1045727827632357,-1.6524169680697232,-2.5181183404293397,-1.594692201229148,-2.9173008972546395,-1.6181480859663702,-2.971195247468848,-1.3590198882945164,-2.9740183513582323,-1.0932078475589646,-3.090559168012886,-0.9590315229664339,-3.102147995813704,-0.6660242881976987,-2.797974134111757,-0.5449829792803175,-2.820657673535465,-0.402098299294106,-2.965963969670108,-0.3630487337381562,-2.9824226346878397,-0.18604681774655973,-2.9632530499929612,-0.1738555420045483,-3.052165922821979,-0.07602195952552962,-2.922591939959019,-0.11398331189146325,-2.7789522253859453,-0.11619190306273124,-2.7639856966764507,-0.22589061687142475,-2.676083424839412,-0.21675424185179865,-3.028387694679991,-0.0009102467260992562,-3.0947462034951867,-0.025674437825217736,-3.3867875618949865,0.06454069414302142,-3.383157187593546,0.168301316060567,-3.0657908443657447,0.2475718021804547,-2.5532577649929364,0.30490423001120365,-2.4418260851973574,0.27388151142798894,-2.97967394078587,0.3631756680923911,-0.5971994757434079,0.11482647258758225
32^60000^sgd-8,-0.31667715451538997,-0.8701353768212904,-0.28603019498677373,-0.6150439353890093,-0.26497974700285326,-0.193579944254375,-0.22700764813114996,0.07710569551448633,-0.45404493540049595,0.021795674150530277,-0.5871416111271851,-0.10613700420975476,-0.8573141682985728,-0.2704096984254758,-0.6699553762853444,-0.05424213670270662,-0.5804677751692731,0.11568789189903673,-0.5578864948159378,0.28659475918333077,-0.7691901503078116,0.2620951620273865,-0.7760798872033653,0.17924458051760128,-0.8761869036696508,0.2543194608603652,-0.6353380085282112,0.17936298054886576,-0.47500150545580755,0.19626119890465502,-0.5896157705499372,0.21387887128837768,-0.5488409939541233,0.21360002396053698,-0.577835291741374,0.30474918905758736,-0.4936567970254047,0.3576634905889261,-0.3913845012697031,0.4529115753177513,-0.2631290305514785,0.514818796858756,-0.3232809838090124,0.5340974253845422,-0.480019337035514,0.5874107664894056,-0.76024810173657,0.412010948314474,-0.7860955406276285,0.34867606350227986,-0.5427497813498678,0.3392421897090418,-0.29171256072885665,0.3318044701222197,-0.2725090131647792,0.13025635568204147,-0.5456242683477223,0.05097144147260249,0.171990375457317,-0.09033728375290119
32^60000^sgd-9,0.9857226361602848,3.0289692419249215,1.0805335121060942,2.3954725655992837,1.3091273402031383,1.7487835806332075,1.1847327036400899,1.6908136232429105,1.3841004841855602,1.7463630567757547,1.650858822696424,1.575851398548406,1.762905106892672,1.4566821715669833,2.099042271463229,1.5060618315207672,2.2079564165111325,1.3170627792835699,2.2762603311986793,1.103826123425851,2.045669501998129,1.0465670313110709,1.9842857362203252,0.8329504034913143,1.9467055460865943,0.6610968947731629,2.0687522587727045,0.6206288893900825,2.1846743467313128,0.784324107045699,2.2564846500723457,0.6152981386513222,2.436815566569495,0.4857815020912585,2.6782970376761384,0.38009600894037565,2.5248715196237015,0.3533499673206727,2.4594291378916306,0.2615859688411925,2.374075481808439,0.2621682229243263,2.3332511949907104,0.25010004133823005,2.514163129014702,0.20175750222758215,2.435104070507457,0.24703430891496744,2.4609659084843174,0.173319367156541,2.3783520229088824,0.2238954853062262,2.1963601313937864,0.10460449750728118,1.9129455661545087,0.21618559738088797,2.011895473224836,0.2537695261450444,1.8444194008155352,0.5358164980243355
32^60000^adam-0,-1.018884369949605,1.17828279630467,-1.4700282092330172,2.3192903096361697,-0.7407847221690644,3.3627946829556468,-1.3120824676734466,2.511703861870291,-1.4950088272965054,1.787446222271545,-1.6025170457246802,1.7314686559065822,-1.3183356035021458,1.7228262395482483,-1.1481138273177227,1.936312665590558,-0.9921804582951638,2.087314278981143,-0.9531333603801856,2.059871670449463,-0.9958376826269046,2.0207298600030716,-1.171861039457057,2.0079063065525897,-1.4143240227589542,1.863431670737449,-1.1936603490998519,2.0691751731558425,-0.5512304122327388,2.283877408391866,-0.1095107177525221,2.2955617029794966,-0.003461865792041595,2.39732816019905,-0.2832848253479439,2.3483609628928215,-0.5029507332508715,2.3479957086004504,-0.7499572364448023,2.330888052476425,-0.1012307610206262,2.470535334433711,0.04053215062148205,2.635820934601158,0.03797777418652898,2.554218832071183,0.1255498893638763,2.4183518421635855,-0.14747594862462005,2.512538322569725,-0.3000122044630333,2.568000598150412,-0.7117505055141382,2.5508696716314394,0.4490126881486809,2.44524034149163,1.9305130818365752,2.426421197215063,-0.17632420715443903,0.014238099892937905
32^60000^adam-1,-0.39325240645712,2.308552986346098,-1.0679125389496877,3.4359356152383542,-2.691341502264947,1.5122066556037572,-1.6377641322873073,1.8711203462865724,-0.6042672340661945,2.224648670980396,-0.11018030469197891,2.3630432066007043,-0.4617374538366241,2.449685572818902,0.18461098411384194,2.747286203636038,0.2826252882121686,2.667006877197229,0.46474287358712657,2.503026381150319,-0.05372030466915438,2.468728013231534,-0.5361203049467521,2.4458501475181347,-0.7654079857182967,2.2664081071115953,-0.43340484355889575,2.3114685266152075,-0.24142984939127576,1.7329755467016439,-0.13982476859121032,1.5405414942945896,0.390004348224919,1.7566866290348495,0.8049775486890262,2.6298653689096985,0.4362925902587845,2.535342948210825,0.6188544970259042,2.6297939296252957,1.2291289976572326,2.25452948951173,1.5640559433974508,2.3457741183813727,1.189824289759282,2.2010231113775465,1.4526556041620218,2.247930823006295,1.0786736371454566,2.4499450313421143,1.4979508946942797,2.6448259177068945,0.6247399765052025,2.8689392063835744,1.540773107056845,2.593801211038468,2.7767421121545297,2.016198026154483,-0.015239795929183012,0.07447447413935272
32^60000^adam-2,0.8979061319127013,4.5177761003600665,1.2016718077125765,3.5725770460068116,0.8748309410022823,2.672960291735042,1.4036690306031934,2.191772962076557,2.2140332891356524,2.685375597331101,3.0607013081028565,2.9367075030424337,2.9446251082355874,2.4404711635528984,2.621912505991118,2.7267484229228094,2.92753146585166,2.1518759938792074,3.0784720683495257,1.7381574946431941,3.026862228310924,1.6853587578876066,3.086282592129099,1.6243243139423396,2.985024295902616,1.8712268701402663,2.690325614821565,1.5667731444164623,3.0944600079597304,1.0987464944373955,3.1208608034861824,1.0194387372250877,3.052058473966251,1.1229881698395667,3.209685392102899,1.0795527205245385,3.1322059943167053,1.0911088289678814,3.483268313759048,0.8245211925865994,3.386580197885955,0.8176768866485197,3.822183392646432,0.6417631242928454,3.794962686556122,0.45713955860247296,3.722301992739361,0.6542123133325508,3.7429046323294415,0.5521827681923547,3.4591818611462584,0.6254946817894095,3.007543396818632,1.3741625696213275,3.096432836668118,1.0294571115534328,3.559300080952539,0.6077727974452612,0.6433334954537508,0.1600160345582866
32^60000^adam-3,0.5344385400099877,4.5023801554083525,0.4954935849086207,4.292862639652793,1.8778584323577796,2.624045321801246,1.980637453213224,2.962045923749079,2.4706088154824783,3.045530532187976,2.2646310359238395,3.043186895558062,2.9502883480359983,2.9407701279352523,3.2037454606047024,2.515657308111441,3.171293087223918,2.6768321737238434,2.7757407766423725,2.7671349463524337,2.807416793976148,2.297446768072807,2.1830652245036037,2.6033890524681738,1.9524911152628261,2.5406742456470854,2.293609036798625,2.391187743731185,2.632994229643151,2.258034985658786,3.148322825529558,2.0259423711155606,3.9957582263362275,1.3685113260112194,3.9448927293512197,1.3760748103890843,3.777988522787209,1.4138926058912713,3.2967611837109723,1.1728707476741655,3.99554231916779,1.1879844880057855,3.5905647758914285,1.4417014444859149,3.2942125451873596,0.8278543512629053,3.3692851129041688,1.4259935567904727,3.781958435561868,1.3763711218424515,3.5536897030976875,1.5405684069294066,3.701224346952679,1.0040624670981535,3.63434394043205,1.6995389535506096,3.558810292118301,1.25361900392378,0.5334679645706973,0.11520624212805478
32^60000^adam-4,-0.7774189131806517,-0.2633202778566578,-1.4710361151502904,-0.24811936659337164,-1.9540251791474248,0.001288213944020423,-2.018220222858141,0.9779074905128473,-1.6638210347152562,0.6475196898375256,-1.4629345088203067,0.8088236679938611,-1.43118794034573,0.9504566690052841,-1.361857745327828,0.783030816552797,-1.5875202348866724,0.8793119875845127,-1.8981671870596522,0.9003753676553274,-1.9907079098713447,0.8595083190312174,-1.8267886551091723,1.0678327639396685,-1.65129175424876,1.1301463507523435,-1.5079327326084153,1.2045251626327864,-1.643264830592116,1.396184414025398,-1.4263052896333908,1.3834476585443662,-1.4050793947837155,1.3586731764337574,-1.2834227132691385,1.601355812038914,-1.1925786872019124,1.558161085455245,-1.3994288888268998,1.6412030720116846,-1.4208236012767925,1.8037365607429525,-1.187403386725769,1.8882145099761216,-1.1638867381731584,1.8269804836932289,-1.096559591589584,1.7001602588564049,-0.7951407696896796,1.8484362549693958,-0.44122164977022904,1.8327645676458943,-0.48644669855449324,1.6245091977357289,-0.49068156659495504,1.9672822759907578,0.24510208651039142,2.358198765315134,-0.22023690231445628,-0.13625975538421725
32^60000^adam-5,1.486158093898113,5.518804905296105,2.729191446171554,4.473888695271482,3.2057368516525435,2.9897350459398453,3.1308656230116596,2.7330542365609656,3.3747456674516605,2.6221422846712157,3.4603184977114787,2.7576345167669047,3.7706887703631433,2.5148904703427024,3.917758364190221,2.2624077116781365,3.5602439574781135,2.175578649876195,3.4898128585386132,2.2096293501705193,3.5035409654978222,1.783472841558657,4.487576362062046,0.7971051695847593,4.235708176603789,0.8611996508188706,4.267559924357251,0.8118251974470526,4.315998736885882,0.7992043784127314,4.399196794061237,0.5871075262118971,4.611321191819682,0.4927572234137187,4.572245455050306,0.3408983085287016,4.317979161709001,0.3457793170063649,4.188652908741908,0.22970767992556107,4.570961395111403,0.04053676854070261,4.733141396907446,-0.00878318933723532,4.602122270709172,0.1661604682510317,4.730819247215643,-0.09081308836128908,4.822745502912439,-0.4784735474618545,4.70919673504533,-0.3518986185957706,4.18869458905696,-0.08360749849476509,3.792474448326063,0.4518275800473169,4.2485883650556655,0.09802253052548332,0.9747099568345708,0.03872883507624207
32^60000^adam-6,-2.238344918385765,0.8104773120197974,-2.4570062168129114,0.1790293445771542,-3.015352932767403,-0.3302641027488592,-2.746791580830254,-0.029013832847435528,-2.598432250526038,0.26441483416759626,-2.46169304820985,0.6494579072256733,-2.327946106934242,1.0832939378917292,-2.075244489625007,1.3139511946106819,-1.8800270913771968,1.734848263240048,-2.3031709136085055,1.7616701032785398,-2.5081754496511817,1.7872544922948383,-2.9605073999310725,1.4093142623893224,-2.9467775926221194,1.328465959118589,-2.607452273374472,1.6081244791308635,-2.4201412667944533,1.7210613108668384,-1.9953968265884052,1.9366636362957,-1.8559959491091071,2.0477862602853714,-2.0482718049255872,2.006541182807467,-1.9236453673728282,2.0082650186945,-2.1697775632382177,2.017935519287712,-1.9568714372478986,2.191937134896097,-1.8511162260733918,2.2170107908398204,-1.6688050198737523,2.304755667517305,-1.5172624762892066,2.3386211851095933,-1.587248820543674,2.2609603823122026,-1.588430226242186,2.193250455029751,-1.8102948367333946,2.034363789806271,-1.6965327618076584,1.878179175871633,-1.2744351359020034,1.8815330763868743,-0.5363181206745424,-0.24119531066940939
32^60000^adam-7,0.21996209415809534,-4.161901691011325,0.8949572919258857,-3.2119007474933,0.775013850245064,-2.6943247711539033,0.10205064960258348,-3.016764046329397,-0.28283456135626417,-3.148515796416367,-0.5989423803922242,-3.1250325456267274,-0.8859850309709277,-3.2379515671430004,-0.9904681170802057,-3.0785715117988417,-1.1830093685014442,-3.0136106286569393,-1.121042814090032,-2.7777379916813087,-1.2548775613820735,-2.6774594422254623,-1.4387652018468091,-2.5530832398790357,-1.5877933008191305,-2.4953488311593883,-1.767016748647752,-2.4713001831833967,-2.045298344803195,-2.4937150605438023,-2.2952983554431134,-2.4503891451614828,-2.3066306168362076,-2.481932357708558,-2.4595189745485726,-2.4799092021770277,-2.430002287868806,-2.427385026033927,-2.4969679772455473,-2.3565895918501947,-2.2434663227325897,-2.362711968463006,-2.4087825937703253,-2.355218998193238,-2.87771183138601,-2.447238023425148,-2.6128814712000565,-2.224873037502542,-2.3452759307812623,-2.2084043218565803,-2.1456173058819674,-2.1945654709178806,-2.2994979682255856,-2.134864325513982,-2.254048852538557,-2.0711655526819244,-2.252737343460421,-2.0925265520098444,-0.9272870518045433,-0.23901729637342473
32^60000^adam-8,1.0767194881525435,4.745015501198653,1.597786478427836,4.576883854364806,1.4891786664608895,3.798781451271082,1.2238616246563414,3.2545081165410883,1.7489282911052686,3.161167347897037,1.979323846899644,3.1711404949732613,2.344772170890484,3.08384118917195,3.0190843518698323,2.2277719402865865,3.7021794832943726,2.315296921044518,3.818713040382369,1.881900360507554,4.2220985757004925,1.4867194394070724,3.6609399980978927,1.5259835856818185,3.6989940405287975,1.3534991835082135,3.6889093923179375,1.4992111975766453,3.715042737605851,1.5156834255547773,3.8051716478380615,1.4016025522328714,3.6941771279088966,0.8747186609378551,3.6953386298854873,0.8590072865918782,3.774692861671044,0.7316820972252215,4.190896801165354,0.9797628148878772,3.67265542847143,0.7427762271143562,3.7628847383949546,0.6329265211933858,3.811796505764419,1.4721077619970817,4.070875825179652,0.528973168222419,4.46120653248352,0.27285644209373305,4.266449030266674,0.6288926440490087,3.627330715910113,0.11255325576436155,3.6255543357761253,0.12308371802547956,3.8154883415060556,0.27020653341037254,0.9699752388657068,0.03381117413396204
32^60000^adam-9,0.14978621759437102,2.599996382981168,0.037696373552652034,2.549830251574923,-0.7396232001871571,1.7512033349258074,-1.5966830505959484,0.33770432886231827,-1.0590363661920745,1.0666467718747377,-0.9585000373450243,1.4545036352120042,0.09830584384668961,1.794605319127814,1.0980939020361677,2.7268384461748925,1.1237173215313112,2.3982135122365342,1.2375465560093317,2.6028263930215014,1.052878867227615,2.8198226232746677,0.6745992072136306,2.459284689484626,0.49199215263774493,2.5335467151903788,0.9380140463091677,2.063689491084883,1.537047781170485,1.8968134950897613,1.8339253782537295,2.56182721700133,1.968178303594563,2.210343535082511,1.6971383261312298,1.4720243633630004,1.312173398581269,1.4951434529290701,0.8209796908973698,1.1645260486682876,0.4652228921199004,0.6945578559276814,0.5612274189193971,0.8902725603120949,0.5755954159076775,1.2435359343353158,1.302725893080591,1.4660931481687953,1.4277669674798426,1.279483922830034,0.8862419786333948,1.7319614453982077,1.483116905577441,1.5932879518142424,0.8090720272106593,0.9881673100886283,0.8777902070548541,1.8023034104278042,0.18229301890203747,0.019474550113968172
32^6000^sgd-0,-1.2181400192520184,-0.7744464890237488,0.37961885309419463,-0.18298116378525972,0.3472851360061078,0.2646395586368604,-0.04342188111298708,-0.10978753012935111,-0.23877638348928956,-0.4596718646584813,0.14529140667845042,-0.17456507092096815,0.11278911544563139,-0.1289408169230618,0.03668434686292805,-0.1861680226352445,0.04953900237095369,-0.22375377991225062,-0.19914004266340998,-0.307777342011859,0.12462712296058442,-0.040447063156218904,0.26594668403160776,-0.013075301298832796,0.36221058888744995,-0.01827710812514211,0.23299150211372302,-0.1040201377521629,0.1720101078587333,-0.11873277503260776,-0.11088280413537871,-0.3495685378634739,-0.05050331392477714,-0.33845277447037114,-0.36999708241867724,-0.5307678743027754,-0.28979227381550926,-0.43316644290917306,-0.5700844328314236,-0.5102040287863043,-0.6102397076333338,-0.41668290573904787,-0.3734058922653821,-0.358415838160218,-0.24201130684103445,-0.4097409586097618,0.2996641238889543,-0.23688363767841994,-0.11168183567954734,-0.37770555188735605,-0.11728338269764554,-0.29912290770005767,-0.2187592827157261,-0.31287044075857445,-0.2990193628323083,-0.3339250896680082,-0.12252441916313851,-0.2154410421811671,0.21949783672435164,-0.4331389152011638
32^6000^sgd-1,-1.618759046649027,-4.555897616454503,-1.728673744821101,-3.74228076890202,-1.6279573859902594,-2.96789211808821,-1.5982908814055152,-2.5175392555832548,-2.050791309426869,-2.618517547446146,-2.3878811307915155,-2.5122019529780357,-2.602541422553508,-2.4350553468462315,-2.8568659865845842,-2.3414309138270952,-3.1396355939637526,-2.213832748961116,-3.1994369977832484,-1.92884530369635,-3.1649003708015218,-1.778788079500839,-3.2081334564268587,-1.5760254769017767,-3.0721743598384976,-1.3318357990686762,-3.0740240210612995,-1.3168126605564412,-3.3119472801121623,-1.1823729699027061,-3.398930363844203,-1.168042585333385,-3.561258822627086,-1.1478018119350843,-3.533060694653602,-1.06959728581803,-3.1926765839809907,-0.9460266561499402,-3.243991750010782,-0.8597703653287622,-3.4023204487368965,-0.867259324977201,-3.426076008669524,-0.8738410247890983,-3.4794791892978525,-0.8188266477616831,-3.694090368553321,-0.7845935703675133,-3.706612366057766,-0.7143905278059229,-3.728148724066325,-0.6585604766141333,-3.4301361037769995,-0.46642366994709444,-3.2929242614754726,-0.3628868840709867,-3.560209935406874,-0.4672788784495468,-1.4101167096540947,0.5840322928532642
32^6000^sgd-2,-1.654950336042834,-3.0339872690860092,-1.284594620915791,-2.387447155749681,-1.1058250758014212,-1.6891428800385562,-1.1243284451527737,-1.3247267961399303,-1.5723626791855334,-1.481183814601236,-2.033249148572943,-1.5490257599540063,-2.190186806435128,-1.3838634184080474,-2.088713215282842,-1.339709618193241,-2.3023348639933383,-1.2955004523265954,-2.140320108034849,-0.8809555270448507,-1.9981692103881556,-0.7974992689214732,-1.9195801598136222,-0.6385309911609826,-1.9774926723788238,-0.5069039083979041,-2.059462143028722,-0.3477306201485077,-2.2116988249037055,-0.37838202968567386,-2.22275732940547,-0.3624946605476817,-2.4081732229946073,-0.434484448864098,-2.1762178944206285,-0.5298263729949362,-2.0867138011484734,-0.49370921203863316,-1.8674834539285479,-0.49725895478211,-2.2389552838761237,-0.4035843973163783,-2.5203178919521676,-0.15230480522734685,-2.5425869127156737,-0.2984832619742739,-2.7744624457078646,-0.1497661272842394,-2.60482371285573,-0.10488914369414833,-2.3335348306205868,-0.13651146170708878,-1.8614734465011562,-0.18839573086415165,-1.9724134000595044,-0.10829257434149037,-2.334338741949718,-0.09555402931681592,-1.8666445391598916,0.01742213513408837
32^6000^sgd-3,-0.7592880334881045,0.3593080994227695,-0.42046296685597484,-0.02047926604004332,-0.23127976319298735,0.3614039190047381,-0.10965499298811307,0.5701651836853621,-0.3056310056217362,0.2751744098344109,-0.37176429210093503,0.3859073184872913,-0.3266632589379198,0.5419884460109813,-0.27743857596827143,0.5992228845451166,0.0436082395704088,0.8985158840509075,-0.06905803352998237,0.649052313605845,-0.11649145655332752,0.6799459202669376,-0.019748821853828927,0.7512529618180332,0.09024343650244296,0.6899485463149786,0.378680734770216,0.8394974148608074,0.33711357829963995,0.8037912209614032,0.2329887580912911,0.7307918150384858,-0.02464827413284618,0.6993963824592725,0.1639843995104979,0.8853428072406192,0.09418772335939186,0.7861870190266319,-0.006938012901729482,0.7018089686436781,-0.023905127516485297,0.7866278541927175,0.18651129075845385,0.865146978647576,0.05171857389088746,0.7195129317233736,-0.01526256189085346,0.7825063992289714,0.01946364773704166,0.7937613344185394,0.29265724569203333,0.7469130762240894,0.19309156390619267,0.566530936506789,0.24279526150741793,0.3555219748735566,0.03642838854762133,0.4622847412216542,-0.08843869830545215,1.2543607785942115
32^6000^sgd-4,-1.063016428842963,-3.0053531118765155,-0.9887085569279184,-2.692430881452585,-0.8490317652760515,-1.9626445002529862,-0.8348336690904523,-1.6225783226702635,-1.2404295660541576,-1.79786095603098,-1.4850800608268986,-1.614171074906599,-1.6448761712046422,-1.3134252402265292,-1.7716696925678885,-1.2852127161224782,-1.9216619781766948,-1.3636234450854237,-1.997982083734722,-1.200811360927949,-1.9340670519957484,-1.0850472391630428,-1.8385341730181646,-0.9164773481593448,-1.8366334243396116,-0.843596017312424,-1.8429543022069186,-0.7728953081107637,-2.0822551518518786,-0.8039139648669417,-2.0836042639246375,-0.908781940798628,-1.935185833069209,-0.7528853733790856,-1.885005813852689,-0.5797962821553474,-2.0101801578570226,-0.6646197781361719,-1.7072086123107038,-0.30144899035607486,-2.018215023615506,-0.5887073233821956,-2.0343307988108696,-0.6269533859568805,-2.0798855320370175,-0.29689355680963403,-2.366563092643079,-0.30656070177940103,-2.4074523404263646,-0.37919826099521364,-2.2014549273460418,-0.3986538437377858,-2.0576540077131598,-0.42110897841799266,-1.895267885626451,-0.3926761323312318,-2.282662793533659,-0.44778115954571435,-1.929170796407188,-0.6276685044899092
32^6000^sgd-5,-1.4145338084317294,-5.380864904953278,-2.142473937380752,-4.592935170828107,-2.111599805293087,-3.706816792234209,-2.1088198863688032,-3.2637568415106135,-2.5829409194918957,-3.3182837642817993,-2.891391294533364,-3.309720872085836,-3.2683630824673617,-3.248608770112122,-3.51768062009817,-3.0019722971550102,-3.7305868382394145,-2.746966392082857,-3.8134565473621973,-2.4701359924697357,-3.8164195818908118,-2.259940886820427,-3.7780162910012476,-2.032022768717938,-3.779504874649463,-1.861087185991513,-3.7826452819676275,-1.8084645575114389,-3.9318330995775455,-1.6604993440174252,-4.069526785269454,-1.5848259706011483,-4.267925015929612,-1.4337130745139652,-4.311149166334664,-1.298655826409752,-4.206102820040728,-1.247236179151017,-4.209583922215509,-1.1181033999594534,-4.318013904336171,-1.0922084376365842,-4.417025467909616,-1.197258319047898,-4.449369007956908,-1.1960537277326702,-4.593506139289465,-1.1526089604204885,-4.597867625838052,-1.002239359908815,-4.527602119945596,-0.8462657411563441,-4.203682709587973,-0.5907677290430988,-4.03941544081552,-0.5106726726421092,-4.397627481227417,-0.5936567113756911,-2.104871162524433,0.16228681340499782
32^6000^sgd-6,-1.7354855828158604,-1.7840221030880685,-1.2563219893361004,-1.5586856403510685,-1.0287092030559029,-0.8886285263303952,-0.8618583150818131,-0.7146215606958362,-1.0990243279495406,-0.9781235968811833,-1.654292950900451,-0.886205693905961,-1.8937117795360845,-0.8403242790448618,-1.995904560317988,-0.9374448266271216,-1.7901949278709042,-0.5928773930556293,-1.7137386361145348,-0.44273360797724526,-1.5444646917058176,-0.316215145646842,-0.4834149134695878,-0.3812803460619897,-0.3883679901689073,-0.5077019808615806,-0.13501014286051094,-0.49161261627714137,-0.4451753681796734,-0.6127501719251072,-0.762124059244949,-0.7162170498834347,-0.8762287354359427,-0.6982080770019287,-0.808914749134208,-0.6175162632018446,-1.0127173148286306,-0.5844099593722888,-0.9784190577468777,-0.5598476605743776,-1.5021755156915901,-0.6587873573259843,-1.2235796131169834,-0.6578587563678927,-1.5934621042824433,-0.6023403205570149,-1.424200057959275,-0.530986844375547,-1.4292634486331741,-0.5725646210564023,-1.5227048925452469,-0.3261212439094222,-0.9416826316310177,-0.4296026679037065,-1.00065822001385,-0.4014043194592685,-1.411955986067476,-0.0039044000893930916,-0.8042843497437124,0.19963619207061478
32^6000^sgd-7,-1.4099652764173498,-4.433968005172187,-1.5910394448143865,-3.8046204257415206,-1.5513332967882374,-3.0653222116255625,-1.5308960651451589,-2.6571615250252045,-2.0787711093006145,-2.7667517359732363,-2.317660644205461,-2.6633637932146663,-2.6771816185943633,-2.6153844687078234,-2.778844295470679,-2.4531438938787815,-3.008026035315446,-2.2818262589248146,-3.0705103965715934,-2.027488418904663,-2.936379330475799,-1.8362661322261453,-2.9819447752290515,-1.6719017340084439,-3.0374838285198846,-1.5672560506556619,-3.0750382459313186,-1.4887892549626125,-3.1796581185077226,-1.301883862940432,-3.2301294114937065,-1.2465328220549565,-3.3684752075516924,-1.1933037554385384,-3.3903133300188433,-1.130012095437181,-3.312461388322491,-1.036475665297519,-3.2840341652540594,-0.9946085648694593,-3.4905151213356973,-1.0050739535616924,-3.5075836533151508,-1.0014653288050652,-3.5523889575415786,-0.9463095116351463,-3.630869973549182,-0.9364768162195349,-3.6672425518483167,-0.8397205562011295,-3.7358453625630843,-0.7444556119324388,-3.4289212548491763,-0.6004393345134686,-3.2517076470896744,-0.45339959454385376,-3.641921364850878,-0.5469410025547115,-1.0230237311704755,-0.07613138994431323
32^6000^sgd-8,-0.4930840482689389,-1.5657635333271205,-0.4301925768857101,-1.0107668895783195,-0.4118192597231018,-0.48592635509135923,-0.3191333200150581,-0.30089268127518765,-0.495077535913655,-0.31527125631395403,-0.6464685626394807,-0.40913150505821416,-0.7690935453473453,-0.28810155076131316,-0.9025947538972281,-0.4286503191634398,-0.908587950791409,-0.417609893980736,-1.0329935104359436,-0.2977882190429858,-0.8637789221222407,-0.050253244132374864,-0.8027618515484544,0.016203424816412272,-0.49246766447783,0.16134764774467641,-0.4188985652484727,0.035978538314998344,-0.4703284953811243,0.033822122008318765,-0.7387934621252001,0.005262450097967696,-0.8200592464070589,0.08921160887585049,-0.642797705437103,0.2111326090117565,-0.5906692263433008,0.21067329729353274,-0.5088856762818528,0.36845607805205144,-0.696122280276434,0.3892224490600314,-0.6331829792868028,0.3677163504429694,-0.5782898907294654,0.3607492287747306,-0.8664656249079242,0.31500862276591446,-0.8950785503310281,0.2271353097767961,-0.9992373907613721,0.21591253793498602,-0.7705145699576258,0.15875709084830017,-0.7618203859531002,0.014788070749800725,-0.877667025016803,-0.03708711544304467,-0.3160906867738627,1.0922688948828896
32^6000^sgd-9,-1.42392218771031,-5.164210739281413,-2.0144377067014148,-4.402779279031004,-1.9813945710709275,-3.5657852316433436,-2.00355187546404,-3.145305018307041,-2.484598630017636,-3.1888404753364212,-2.767156523102144,-3.168843454421542,-3.118444540021784,-3.106598971677841,-3.3122993478414644,-2.846420104023008,-3.538383420491131,-2.5889014761163947,-3.6458927937477,-2.347819437752888,-3.6084453426521934,-2.1166269125710246,-3.5395244976059415,-1.8892408857767873,-3.599034243194411,-1.7655682875677567,-3.5928716325843255,-1.7271732967689317,-3.7367765582594723,-1.55135168865295,-3.892258634132202,-1.5195669914005407,-4.064179087360596,-1.403109340555491,-4.1524970631231355,-1.2600510398093405,-4.042337694287687,-1.2212261452586837,-4.016568181358357,-1.087039371185216,-4.094638741069469,-1.0617925254546108,-4.201420255450371,-1.1157044137958665,-4.192487207350651,-1.110973151276819,-4.374667658079986,-1.0602907316159431,-4.355267235009005,-0.9595976304185526,-4.315801879979569,-0.7967028757074766,-3.9817848710779677,-0.5665011671175019,-3.8231802497664695,-0.4933938396962917,-4.222867715265769,-0.5740580472097858,-1.9635458738539855,-0.4448277836361885
32^6000^adam-0,1.4715222463849946,3.7431847016002573,2.0942245226470018,2.586308818018739,2.0313973217696133,1.5826375163230755,2.2372269388976123,1.2440640546200157,2.127459493260496,1.8205134013263957,2.129410676472727,2.0348254288056715,2.5372428489581806,1.8333969761063706,2.9222863648840725,1.4330566526257222,3.071206491400825,1.2667093653422135,3.1672050347941725,0.7462413433349707,3.3554717752047765,0.33738253791842,3.0996841099169345,-0.13361698916545567,3.0369378752539853,-0.10321565237379665,2.9177081520342276,-0.27756609573640373,2.8797369818405323,0.3262812214020956,3.012724096980765,0.2774440144470364,3.0797944859721706,0.20105322356562363,3.063411350193867,-0.3369019205893482,2.9186999745373505,-0.7065837846601981,2.979718405351981,-0.24807660220854283,3.1706041953888957,-0.34978378012028577,3.1275069430960123,-0.31104725780664794,3.2040909231266883,-0.17171093550152045,3.4190046266425247,-0.26056966724161956,3.2787906612669264,-0.04349155520982534,3.1700227791736726,-0.26958523114116745,2.807269539961943,-0.08295243948193129,2.506786727076818,0.1168323609351148,3.0892482533818453,0.14219981735858991,0.5003839465359453,0.2561361256595918
32^6000^adam-1,1.0175997404867534,2.7137185769497214,0.9172840301548104,2.648939564253268,0.5607932222638684,1.894019996943551,0.5140232006196098,1.533245364608321,1.1917124528796514,1.752171445220784,1.2862024451371807,1.6877342932153339,1.3997287124307138,1.6386963836711625,1.59358542297984,0.862671493176392,1.1484483279211661,1.1895969084030902,1.0921584872353882,1.2179366263512386,0.8644737996088724,1.2031880055817827,0.8655104932427149,1.0324635029805955,1.11417249794514,1.1911623095646477,1.4383106743338734,0.8802712488413232,1.6230638478845831,0.8785925954674064,2.0026168026999733,0.6411170489253232,2.0345037857786163,0.893310459672948,2.4547983266151103,0.9388223828984669,2.411537368361455,0.8439379817213177,2.179638720316474,0.3526525977977202,1.6923541805664353,0.8261835775546391,1.7839854450647057,0.5852281834472828,1.7606354968917615,-0.16193524763934586,2.4440933099349436,-0.23331159433078008,2.842995610296483,0.15692225806092674,2.541337641656042,-0.2570665010566759,2.3656610143113412,-0.8282136992184369,1.662780430830212,-1.1228808656370184,2.4370202874472224,0.17248820361117123,1.2131502764800521,1.3776498305624973
32^6000^adam-2,1.6319029725288485,2.9754921753680925,1.6378889763822202,2.7300646617066526,1.7495331528078923,1.9992468256627642,1.6672585969813922,1.5812481400942762,2.055587928501549,0.8478253463274529,2.362046863134923,0.8174921602440446,2.5590691767997957,0.974395078064497,2.1575954183964994,1.5966529159012857,2.1143007747653573,1.2435511448302434,2.3920027260316643,0.9053501754980241,2.875123624515947,0.6597469759078669,2.691253867481198,0.4464138250815132,2.639866162256035,0.4081066698789794,2.353751078212882,0.6728872312202131,2.254475127074139,0.6909590445939042,2.126352419426893,0.10640554588135716,2.34760605822838,0.21555020862817714,2.287236393523724,0.45352673959941725,2.3720670720209425,0.20846691059739902,2.609769283453649,0.49994739968280716,2.476563893844688,0.05447303310748933,2.54045274499134,0.3194175498085831,2.6269755974635483,0.47345910851197043,2.679437330376249,0.2652599722220798,2.230525111768491,0.7168136829011326,2.2085917822343286,0.5581566151685333,2.3264586332344517,0.5249368925573784,2.25173365119282,0.7397472653475724,2.092849552242868,0.21104338487822008,0.9854284056554157,-0.5999017822520942
32^6000^adam-3,2.1357275342677324,4.827810986407976,2.601083016402893,3.5149441731171076,2.9524403673275676,2.060255217698193,2.921714064045364,2.026390290631527,3.2804264178785303,2.064249751100606,3.5276405618969067,2.0001349517684934,3.93695229078624,1.9222219776865384,4.126298557083622,1.6787814351859647,4.1098446281701255,1.2774665905873817,4.07686520314988,0.987636307488091,4.114053119036118,0.7500085994191569,3.901314674573508,0.43645275274049644,3.7385166470061835,0.2309661161228178,3.595750574176829,0.17152320876588137,3.6859543202741203,0.15366092576000626,3.982592255874837,0.06658002088626944,4.1770235440088275,-0.10214700270086904,4.070413579953226,-0.2238934029620508,3.9938881764000556,-0.4136460459237744,4.043244092193981,-0.3520761116106976,4.148008015268744,-0.38831331471068115,4.33253121749454,-0.5429883980025639,4.260176114859617,-0.7469065753034546,4.337030643823892,-0.7119631836065603,4.049152601811577,-0.6703724913986927,4.078044671086723,-0.6985364247419811,4.005347489275028,-0.9419468414440206,3.1206517425317366,-1.3185245096761127,3.410445910751038,-0.8254794906607117,2.3259081814883946,-0.10117061313826783
32^6000^adam-4,1.8320552211355203,4.672887139646532,2.163631566442199,3.3931271222689334,2.1116916553613128,3.154324077112837,2.267439433881988,2.354382989864879,2.8344816857283615,2.139710361104985,3.0999828975799004,2.0415424733642484,3.3458389646283964,1.813552807181164,3.6513697243346304,1.7477494743785515,3.6545079709492816,1.4783897076137837,3.896345402991504,1.2868381657076213,3.9246795230515237,0.9044011587565247,3.7954081828194,0.5682985273709718,3.762821840757967,0.32879953936852335,3.708988282455174,0.3045479290850362,3.793215603183708,0.27312850306524955,3.8678355813683245,0.19252830619215305,3.8947692218656047,0.11088076510020928,3.58746527677886,-0.059905586536266396,3.465880435075781,-0.06912351712736611,3.680289678699285,-0.5345163165739717,3.8958163780981536,-0.47709118131903794,4.179707215471611,-0.19460134516713046,3.9916247385719923,-0.4784136421305372,3.9104527988022872,-0.4616360939692241,4.042859791143596,-0.37419815947586194,3.876309837665933,-0.49033186606098994,3.5763494279433,-0.9140404665438064,3.2002026591821084,-0.23639649941506422,3.336614643017735,-0.22853848683212902,1.1327537100436613,0.2988190325637005
32^6000^adam-5,0.19523400318452921,0.5678146570026766,-0.7145620635823265,0.6070758459768545,-1.0504240208764852,0.5478253422297306,-0.35938942984965305,1.0750975463211607,-0.5031817072222554,0.9453262496536543,-0.3398673982517525,0.6857562260896187,-0.22839020453987469,0.9296202654985288,-0.07838000632449602,0.9254999798497344,-0.3900871430154079,0.7432479674127566,-0.7064150161266262,0.9732834547893607,-0.7909354199333533,1.0980409938399232,-0.20578465037131444,1.020989461401713,0.44382158229724267,0.8693087217646605,0.05240428064649644,1.1910759832212992,0.39808218557718766,1.2729123529267896,0.7063510672211732,1.132010948488846,0.27928476178509004,1.0788130465357988,0.018724117069586915,1.2522052516761546,0.20743450755858506,1.0615421018166282,-0.14283196457881167,1.1884380404242463,-0.6849636647671543,1.5012025859091447,-0.5621787024558536,1.3792522914783627,-0.14683554991949954,1.11540501976398,-0.4103894614867941,1.3967911941964313,-0.31958983684819303,1.256464233502316,0.4360813784330162,1.054935082034649,0.48498016478869294,1.252622658347943,-0.36134367047918164,1.504151868959501,0.42909743455588994,0.981344486292562,0.15006604539289436,0.9063645261479956
32^6000^adam-6,-1.356432332320596,1.069719745058736,-1.5408998426932585,0.7436797792198528,-2.4791639425758607,0.830546002076079,-1.2618184563153623,1.2077786520937799,-0.3790621913972243,1.442773965946545,-0.5946141007683375,1.3282084209023723,-0.8682741378181108,1.177642240027288,-0.7740128264146885,1.2012632383102548,-0.8354192180389906,1.283380239208026,0.020122580345982324,1.7203923089487305,-0.12005390512232376,1.6149297438465198,-0.28785643625345525,1.61977933838986,-0.697435801406499,1.2705194168357579,-0.7625084195169648,1.2365393494068304,-0.6072804873734889,1.183271982146866,-0.5583694608914285,1.298783196900861,-0.5460817265629901,1.5117360952374526,-0.10556796458633527,1.7724140195421572,-0.08093172090915851,1.6449396725165881,-0.14045550335091794,1.8883148260898595,0.04759733146257167,1.7319107468683956,0.004159369040447937,1.6755337122233038,-0.04368423433042919,1.817325223746388,0.09921070398842373,1.6363066851519752,0.14217433738204924,1.6178699456500591,-0.056570289506222754,1.596294313976547,-0.5689367695560797,1.5800679912416395,0.5468354294450389,1.7119142389901159,-0.08747565484403669,1.648326167798056,0.035369803307120945,0.013188784689204949
32^6000^adam-7,1.4253902523420363,2.415064487293649,1.4848271878751136,1.4034220981903873,1.9952391759542756,-0.23969390682761205,1.490910281505341,-1.3596308503699042,1.523015197322388,0.20092779370042138,2.0922787147722146,0.3870778083619475,2.4349205937937786,0.2760510927687252,2.409046713359519,0.2585354323406252,2.1938202577333263,0.5412371410124027,2.266988974919576,-0.4543132816858633,2.4039224173249063,-0.42264944541828087,2.062729396709422,-0.39114310147289383,1.9375253062081705,-0.5097791839669232,1.7554752368133042,-0.9170622368465929,1.7290761328774331,-0.6325951799730579,1.165125480795391,-0.8908289224698752,1.5664805229912253,-0.875304051838025,1.48161901247413,-0.7077551272256877,1.5345752537533692,-0.9585437551996197,1.9823906621500405,-0.8465346043978925,1.6288935644846307,-0.6869892339427522,2.2631484872904855,-0.5454402031745825,1.8118806806799157,-1.0055718024275335,2.524686370251166,-0.8740953829850244,2.4633301823910023,-1.0093472746931982,1.5315554477212876,-1.2851183895087788,1.0385893543394626,-1.2218876457272168,1.016473119692345,-1.1006603376302788,1.184396851036636,-0.9218457940135196,0.26366747941553786,-0.7439581272173524
32^6000^adam-8,0.4176828213308962,2.0104889358690596,0.37968334084979516,2.139765075018176,0.05462109478888122,2.4761282254997106,0.1426714443622216,2.2407831753260323,0.3888012477075342,1.9814573972116825,0.47800205613405944,1.7579177446140373,1.3198175826517513,2.207026480205212,1.3146070512747388,2.1192077942410417,1.520382251417268,1.8457816764556747,1.6464696390594193,1.5674709250740693,0.9573235050038157,2.057569044472001,1.205838484450852,2.0642084339212023,1.1391988508809696,2.2058865439146524,1.2697494041983746,2.682306818839373,0.981923911484928,2.808810014151878,0.7590936376435471,1.955938650251605,1.145834135118639,1.2671074379734946,1.3187226945327462,1.0034509908469476,1.7823206037764459,1.1037344797633968,1.7687801381514279,1.314893451041944,2.4953244075709824,1.0622050983613924,2.5633701341057122,0.5067926550420366,2.336848994605268,0.684993840605117,2.62457963838221,0.4905323300283482,2.277905219603157,0.8377612958013496,2.1076092661977484,1.5007823627557706,1.807850654449416,2.3785740075910153,2.46986957845825,1.8877543189069952,2.344597174164223,0.8939475014973829,2.173734565875542,1.1269790932680248
32^6000^adam-9,1.7081168993003661,4.875929792164766,2.1144411845951945,3.7605819044100284,2.7058876531864864,2.2871870021482232,2.4740432664416123,2.0298119449042558,2.553035508311069,2.2571621096911887,3.138120131611617,2.248940020218449,3.5626691546923754,1.9794546361237817,3.546983394728386,1.670518386517183,3.926549581045682,1.3622533089561102,3.8031138958471264,1.1819317565685132,3.585359268052311,0.9377377173454933,3.7627611898022217,0.6077814016942604,3.7507188661138304,0.25177435727418174,3.590932813254832,0.37370040252211295,3.6793790961042476,0.38471497544650485,3.8270263104530464,0.31467514811409214,4.077913946528512,0.26883093427271426,4.194474304770974,0.15738328576226782,3.9713058902644875,0.022057648844574795,3.920220534338725,-0.031004264656973694,3.9200415200066288,-0.16970530651252946,3.7914381425016805,-0.3997259092918474,3.97712824892209,-0.6635251392468042,4.092455728990099,-0.26379840327264314,4.097112202980658,-0.3529839066731576,3.8967722272110032,-0.45947641869154215,3.333656533378181,-0.6228815948123859,2.7253738668213243,-1.0963911212450557,3.0126279046241544,-0.576727615065355,1.6619221277735678,-0.6284649531326245
